Emoji,unicode,Occurrences,Position,Description,Unicode block,Sentiment
ğŸ˜‚,0x1f602,14622,0.805100583,FACE WITH TEARS OF JOY,Emoticons,0.1923860862034208
â¤,0x2764,8050,0.746943086,HEAVY BLACK HEART,Dingbats,1.0
â™¥,0x2665,7144,0.753806008,BLACK HEART SUIT,Miscellaneous Symbols,0.6139137965790396
ğŸ˜,0x1f60d,6359,0.765292366,SMILING FACE WITH HEART-SHAPED EYES,Emoticons,0.49421751692934834
ğŸ˜­,0x1f62d,5526,0.803351976,LOUDLY CRYING FACE,Emoticons,-0.9486184009138489
ğŸ˜˜,0x1f618,3648,0.854480172,FACE THROWING A KISS,Emoticons,-0.03384376469885553
ğŸ˜Š,0x1f60a,3186,0.813302436,SMILING FACE WITH SMILING EYES,Emoticons,-0.18456909488647832
ğŸ‘Œ,0x1f44c,2925,0.805222883,OK HAND SIGN,Miscellaneous Symbols and Pictographs,-0.30571379508582275
ğŸ’•,0x1f495,2400,0.765725889,TWO HEARTS,Miscellaneous Symbols and Pictographs,-0.3448734125236115
ğŸ‘,0x1f44f,2336,0.787130164,CLAPPING HANDS SIGN,Miscellaneous Symbols and Pictographs,-0.43572820463046613
ğŸ˜,0x1f601,2189,0.796151187,GRINNING FACE WITH SMILING EYES,Emoticons,-0.5046103076773756
â˜º,0x263a,2062,0.798633582,WHITE SMILING FACE,Miscellaneous Symbols,-0.39500070927810427
â™¡,0x2661,1975,0.763695423,WHITE HEART SUIT,Miscellaneous Symbols,-0.4051620513815991
ğŸ‘,0x1f44d,1854,0.812125626,THUMBS UP SIGN,Miscellaneous Symbols and Pictographs,-0.5110908697242775
ğŸ˜©,0x1f629,1808,0.826213985,WEARY FACE,Emoticons,-1.0
ğŸ™,0x1f64f,1539,0.793847592,PERSON WITH FOLDED HANDS,Emoticons,-0.6067463546838486
âœŒ,0x270c,1534,0.790480332,VICTORY HAND,Dingbats,-0.5874241259080627
ğŸ˜,0x1f60f,1522,0.764977294,SMIRKING FACE,Emoticons,-0.6474514517802881
ğŸ˜‰,0x1f609,1521,0.844832651,WINKING FACE,Emoticons,-0.5889397412254833
ğŸ™Œ,0x1f64c,1506,0.790600034,PERSON RAISING BOTH HANDS IN CELEBRATION,Emoticons,-0.5488841935507955
ğŸ™ˆ,0x1f648,1456,0.738880937,SEE-NO-EVIL MONKEY,Emoticons,-0.6128536124653761
ğŸ’ª,0x1f4aa,1409,0.806704098,FLEXED BICEPS,Miscellaneous Symbols and Pictographs,-0.5666086800707786
ğŸ˜„,0x1f604,1398,0.794972621,SMILING FACE WITH OPEN MOUTH AND SMILING EYES,Emoticons,-0.624231926473992
ğŸ˜’,0x1f612,1385,0.857620553,UNAMUSED FACE,Emoticons,-0.956622044363479
ğŸ’ƒ,0x1f483,1344,0.852764705,DANCER,Miscellaneous Symbols and Pictographs,-0.5064842950895557
ğŸ’–,0x1f496,1263,0.762239109,SPARKLING HEART,Miscellaneous Symbols and Pictographs,-0.5326379919216957
ğŸ˜ƒ,0x1f603,1206,0.734782211,SMILING FACE WITH OPEN MOUTH,Emoticons,-0.5999298187981096
ğŸ˜”,0x1f614,1205,0.86614594,PENSIVE FACE,Emoticons,-0.8542097522006287
ğŸ˜±,0x1f631,1130,0.773313178,FACE SCREAMING IN FEAR,Emoticons,-0.7370220772142543
ğŸ‰,0x1f389,1125,0.743635879,PARTY POPPER,Miscellaneous Symbols and Pictographs,-0.5535952933798223
ğŸ˜œ,0x1f61c,1035,0.822246602,FACE WITH STUCK-OUT TONGUE AND WINKING EYE,Emoticons,-0.6601661950589448
â˜¯,0x262f,992,0.383524015,YIN YANG,Miscellaneous Symbols,-0.795989218972816
ğŸŒ¸,0x1f338,946,0.570021571,CHERRY BLOSSOM,Miscellaneous Symbols and Pictographs,-0.6174452549294829
ğŸ’œ,0x1f49c,939,0.730869962,PURPLE HEART,Miscellaneous Symbols and Pictographs,-0.6178484235360874
ğŸ’™,0x1f499,912,0.703047577,BLUE HEART,Miscellaneous Symbols and Pictographs,-0.6027296007884186
âœ¨,0x2728,848,0.560430162,SPARKLES,Dingbats,-0.7108609142968068
ğŸ˜³,0x1f633,846,0.797185814,FLUSHED FACE,Emoticons,-0.7970643352570947
ğŸ’—,0x1f497,836,0.799725947,GROWING HEART,Miscellaneous Symbols and Pictographs,-0.6375588887478629
â˜…,0x2605,828,0.353316599,BLACK STAR,Miscellaneous Symbols,-0.7293768058593838
â–ˆ,0x2588,798,0.634172164,FULL BLOCK,Block Elements,-0.8062849506118457
â˜€,0x2600,786,0.54553079,BLACK SUN WITH RAYS,Miscellaneous Symbols,-0.6911952455968762
ğŸ˜¡,0x1f621,756,0.861522028,POUTING FACE,Emoticons,-0.8421296261731087
ğŸ˜,0x1f60e,754,0.76564387,SMILING FACE WITH SUNGLASSES,Emoticons,-0.6908443395874242
ğŸ˜¢,0x1f622,749,0.813896833,CRYING FACE,Emoticons,-0.8008645726786074
ğŸ’‹,0x1f48b,734,0.800580592,KISS MARK,Miscellaneous Symbols and Pictographs,-0.650340826794287
ğŸ˜‹,0x1f60b,734,0.76498518,FACE SAVOURING DELICIOUS FOOD,Emoticons,-0.663227290035016
ğŸ™Š,0x1f64a,725,0.740523086,SPEAK-NO-EVIL MONKEY,Emoticons,-0.7023943735581124
ğŸ˜´,0x1f634,718,0.849922938,SLEEPING FACE,Emoticons,-0.8196641754828691
ğŸ¶,0x1f3b6,701,0.797255889,MULTIPLE MUSICAL NOTES,Miscellaneous Symbols and Pictographs,-0.6893137920993886
ğŸ’,0x1f49e,687,0.828705997,REVOLVING HEARTS,Miscellaneous Symbols and Pictographs,-0.6503856233061319
ğŸ˜Œ,0x1f60c,665,0.847121229,RELIEVED FACE,Emoticons,-0.7062767379180075
ğŸ”¥,0x1f525,651,0.61555041,FIRE,Miscellaneous Symbols and Pictographs,-0.7734491074295016
ğŸ’¯,0x1f4af,637,0.871819418,HUNDRED POINTS SYMBOL,Miscellaneous Symbols and Pictographs,-0.7791084000925795
ğŸ”«,0x1f52b,604,0.893761284,PISTOL,Miscellaneous Symbols and Pictographs,-0.8379112879743764
ğŸ’›,0x1f49b,602,0.751631631,YELLOW HEART,Miscellaneous Symbols and Pictographs,-0.6745757397024019
ğŸ’,0x1f481,549,0.839628793,INFORMATION DESK PERSON,Miscellaneous Symbols and Pictographs,-0.7486691702939399
ğŸ’š,0x1f49a,537,0.737498972,GREEN HEART,Miscellaneous Symbols and Pictographs,-0.6971382495016388
â™«,0x266b,533,0.396607039,BEAMED EIGHTH NOTES,Miscellaneous Symbols,-0.7552841218763766
ğŸ˜,0x1f61e,532,0.825187832,DISAPPOINTED FACE,Emoticons,-0.8217920097955039
ğŸ˜†,0x1f606,527,0.809376422,SMILING FACE WITH OPEN MOUTH AND TIGHTLY-CLOSED EYES,Emoticons,-0.7377014909772359
ğŸ˜,0x1f61d,496,0.808808972,FACE WITH STUCK-OUT TONGUE AND TIGHTLY-CLOSED EYES,Emoticons,-0.7394410888538814
ğŸ˜ª,0x1f62a,482,0.858219873,SLEEPY FACE,Emoticons,-0.814475246194163
ï¿½,0xfffd,472,0.11293316,REPLACEMENT CHARACTER,Specials,-0.7893145387079193
ğŸ˜«,0x1f62b,467,0.839517641,TIRED FACE,Emoticons,-0.8233150911982321
ğŸ˜…,0x1f605,462,0.827654572,SMILING FACE WITH OPEN MOUTH AND COLD SWEAT,Emoticons,-0.7780108855523784
ğŸ‘Š,0x1f44a,458,0.824515864,FISTED HAND SIGN,Miscellaneous Symbols and Pictographs,-0.7714257983111715
ğŸ’€,0x1f480,456,0.739462262,SKULL,Miscellaneous Symbols and Pictographs,-0.8310648877474074
ğŸ˜€,0x1f600,439,0.786284933,GRINNING FACE,Emoticons,-0.7278014618595032
ğŸ˜š,0x1f61a,424,0.853414944,KISSING FACE WITH CLOSED EYES,Emoticons,-0.7125183852350698
ğŸ˜»,0x1f63b,417,0.729665769,SMILING CAT FACE WITH HEART-SHAPED EYES,Emoticons,-0.7252107302578039
Â©,0xa9,416,0.740148376,COPYRIGHT SIGN,Latin-1 Supplement,-0.7870448487744421
ğŸ‘€,0x1f440,410,0.759422009,EYES,Miscellaneous Symbols and Pictographs,-0.7943690784610905
ğŸ’˜,0x1f498,395,0.785036942,HEART WITH ARROW,Miscellaneous Symbols and Pictographs,-0.7217315345045132
ğŸ“,0x1f413,384,0.490808466,ROOSTER,Miscellaneous Symbols and Pictographs,-0.7981543837119883
â˜•,0x2615,382,0.685215074,HOT BEVERAGE,Miscellaneous Symbols,-0.7741807837896356
ğŸ‘‹,0x1f44b,382,0.797944108,WAVING HAND SIGN,Miscellaneous Symbols and Pictographs,-0.7553587827294515
âœ‹,0x270b,378,0.838291817,RAISED HAND,Dingbats,-0.7886649892861677
ğŸŠ,0x1f38a,363,0.72362175,CONFETTI BALL,Miscellaneous Symbols and Pictographs,-0.7243297321915201
ğŸ•,0x1f355,352,0.544580757,SLICE OF PIZZA,Miscellaneous Symbols and Pictographs,-0.7581734968903755
â„,0x2744,349,0.760181984,SNOWFLAKE,Dingbats,-0.7496845578957585
ğŸ˜¥,0x1f625,341,0.881976694,DISAPPOINTED BUT RELIEVED FACE,Emoticons,-0.7904493836746579
ğŸ˜•,0x1f615,340,0.856711865,CONFUSED FACE,Emoticons,-0.8437348345142193
ğŸ’¥,0x1f4a5,329,0.587206232,COLLISION SYMBOL,Miscellaneous Symbols and Pictographs,-0.7872315009071293
ğŸ’”,0x1f494,328,0.835831574,BROKEN HEART,Miscellaneous Symbols and Pictographs,-0.8148410843742301
ğŸ˜¤,0x1f624,327,0.884007985,FACE WITH LOOK OF TRIUMPH,Emoticons,-0.8236062685252242
ğŸ˜ˆ,0x1f608,325,0.762497655,SMILING FACE WITH HORNS,Emoticons,-0.7768387101591023
â–º,0x25ba,325,0.516489206,BLACK RIGHT-POINTING POINTER,Geometric Shapes,-0.7863505028408455
âœˆ,0x2708,322,0.521940266,AIRPLANE,Dingbats,-0.7620931916768081
ğŸ”,0x1f51d,303,0.798433666,TOP WITH UPWARDS ARROW ABOVE,Miscellaneous Symbols and Pictographs,-0.7595173922457239
ğŸ˜°,0x1f630,302,0.919654285,FACE WITH OPEN MOUTH AND COLD SWEAT,Emoticons,-0.8050754447920322
âš½,0x26bd,299,0.193496177,SOCCER BALL,Miscellaneous Symbols,-0.7474447323035114
ğŸ˜‘,0x1f611,299,0.844272967,EXPRESSIONLESS FACE,Emoticons,-0.8310499555767925
ğŸ‘‘,0x1f451,298,0.698804832,CROWN,Miscellaneous Symbols and Pictographs,-0.7407103233561547
ğŸ˜¹,0x1f639,295,0.8074145,CAT FACE WITH TEARS OF JOY,Emoticons,-0.7904941801865029
ğŸ‘‰,0x1f449,292,0.559175629,WHITE RIGHT POINTING BACKHAND INDEX,Miscellaneous Symbols and Pictographs,-0.7682452459701805
ğŸƒ,0x1f343,291,0.572324349,LEAF FLUTTERING IN WIND,Miscellaneous Symbols and Pictographs,-0.7695518108989914
ğŸ,0x1f381,288,0.709181399,WRAPPED PRESENT,Miscellaneous Symbols and Pictographs,-0.737275924114709
ğŸ˜ ,0x1f620,288,0.849218089,ANGRY FACE,Emoticons,-0.8292282307617647
ğŸ§,0x1f427,284,0.540408727,PENGUIN,Miscellaneous Symbols and Pictographs,-0.7635117478852314
â˜†,0x2606,282,0.563398192,WHITE STAR,Miscellaneous Symbols,-0.7661024794869307
ğŸ€,0x1f340,278,0.768496291,FOUR LEAF CLOVER,Miscellaneous Symbols and Pictographs,-0.7783319272206004
ğŸˆ,0x1f388,277,0.718504213,BALLOON,Miscellaneous Symbols and Pictographs,-0.7430770723986293
ğŸ…,0x1f385,274,0.800786662,FATHER CHRISTMAS,Miscellaneous Symbols and Pictographs,-0.7760473051165083
ğŸ˜“,0x1f613,273,0.844887359,FACE WITH COLD SWEAT,Emoticons,-0.809741748109214
ğŸ˜£,0x1f623,271,0.903307721,PERSEVERING FACE,Emoticons,-0.8206720969993804
ğŸ˜,0x1f610,270,0.882732825,NEUTRAL FACE,Emoticons,-0.8347008712921554
âœŠ,0x270a,270,0.858608998,RAISED FIST,Dingbats,-0.7680809920934157
ğŸ˜¨,0x1f628,269,0.813687927,FEARFUL FACE,Emoticons,-0.8144155175117032
ğŸ˜–,0x1f616,268,0.868926665,CONFOUNDED FACE,Emoticons,-0.815781811122974
ğŸ’¤,0x1f4a4,267,0.800461854,SLEEPING SYMBOL,Miscellaneous Symbols and Pictographs,-0.7730683370788195
ğŸ’“,0x1f493,259,0.783045488,BEATING HEART,Miscellaneous Symbols and Pictographs,-0.7512375036397166
ğŸ‘,0x1f44e,258,0.914491346,THUMBS DOWN SIGN,Miscellaneous Symbols and Pictographs,-0.8178648489237639
ğŸ’¦,0x1f4a6,252,0.779043752,SPLASHING SWEAT SYMBOL,Miscellaneous Symbols and Pictographs,-0.7673119853067442
âœ”,0x2714,249,0.565237075,HEAVY CHECK MARK,Dingbats,-0.7824158758837979
ğŸ˜·,0x1f637,246,0.840376534,FACE WITH MEDICAL MASK,Emoticons,-0.815751946781744
âš¡,0x26a1,246,0.778780762,HIGH VOLTAGE SIGN,Miscellaneous Symbols,-0.789112954404617
ğŸ™‹,0x1f64b,236,0.732500422,HAPPY PERSON RAISING ONE HAND,Emoticons,-0.7685214911265577
ğŸ„,0x1f384,236,0.632526433,CHRISTMAS TREE,Miscellaneous Symbols and Pictographs,-0.7650945579704194
ğŸ’©,0x1f4a9,229,0.839720048,PILE OF POO,Miscellaneous Symbols and Pictographs,-0.8111677704029446
ğŸµ,0x1f3b5,223,0.71526961,MUSICAL NOTE,Miscellaneous Symbols and Pictographs,-0.7693875570222266
â¡,0x27a1,222,0.478330444,BLACK RIGHTWARDS ARROW,Dingbats,-0.7923756336839904
ğŸ˜›,0x1f61b,220,0.734419263,FACE WITH STUCK-OUT TONGUE,Emoticons,-0.7632205705582392
ğŸ˜¬,0x1f62c,214,0.793679841,GRIMACING FACE,Emoticons,-0.7906360358073452
ğŸ‘¯,0x1f46f,211,0.742043843,WOMAN WITH BUNNY EARS,Miscellaneous Symbols and Pictographs,-0.775024451429382
ğŸ’,0x1f48e,209,0.694054736,GEM STONE,Miscellaneous Symbols and Pictographs,-0.7675658322071989
ğŸŒ¿,0x1f33f,208,0.600120585,HERB,Miscellaneous Symbols and Pictographs,-0.7784887150120579
ğŸ‚,0x1f382,201,0.747999917,BIRTHDAY CAKE,Miscellaneous Symbols and Pictographs,-0.7659531577807809
ğŸŒŸ,0x1f31f,199,0.654510913,GLOWING STAR,Miscellaneous Symbols and Pictographs,-0.7830728913908571
ğŸ”®,0x1f52e,199,0.333161733,CRYSTAL BALL,Miscellaneous Symbols and Pictographs,-0.7864923584616879
â—,0x2757,198,0.620120854,HEAVY EXCLAMATION MARK SYMBOL,Dingbats,-0.7967731579301025
ğŸ‘«,0x1f46b,197,0.664270589,MAN AND WOMAN HOLDING HANDS,Miscellaneous Symbols and Pictographs,-0.7879333129260335
ğŸ†,0x1f3c6,194,0.705937446,TROPHY,Miscellaneous Symbols and Pictographs,-0.7606149067859249
âœ–,0x2716,193,0.514517152,HEAVY MULTIPLICATION X,Dingbats,-0.7845287780258178
â˜,0x261d,191,0.7597726,WHITE UP POINTING INDEX,Miscellaneous Symbols,-0.7851185987651096
ğŸ˜™,0x1f619,191,0.875675106,KISSING FACE WITH SMILING EYES,Emoticons,-0.7582630899140654
â›„,0x26c4,191,0.738724736,SNOWMAN WITHOUT SNOW,Miscellaneous Symbols,-0.7729862101404371
ğŸ‘…,0x1f445,190,0.738179133,TONGUE,Miscellaneous Symbols and Pictographs,-0.7766221936851851
â™ª,0x266a,190,0.696314423,EIGHTH NOTE,Miscellaneous Symbols,-0.7724262537423753
ğŸ‚,0x1f342,189,0.634540658,FALLEN LEAF,Miscellaneous Symbols and Pictographs,-0.7717169756381637
ğŸ’,0x1f48f,185,0.72895246,KISS,Miscellaneous Symbols and Pictographs,-0.7814676830497466
ğŸ”ª,0x1f52a,183,0.764046479,HOCHO,Miscellaneous Symbols and Pictographs,-0.7990279156929647
ğŸŒ´,0x1f334,178,0.675890052,PALM TREE,Miscellaneous Symbols and Pictographs,-0.7748154010407724
ğŸ‘ˆ,0x1f448,174,0.701409121,WHITE LEFT POINTING BACKHAND INDEX,Miscellaneous Symbols and Pictographs,-0.7806837440924601
ğŸŒ¹,0x1f339,172,0.664431116,ROSE,Miscellaneous Symbols and Pictographs,-0.771799102576546
ğŸ™†,0x1f646,171,0.839916616,FACE WITH OK GESTURE,Emoticons,-0.7772269465950918
âœ,0x279c,170,0.558506642,HEAVY ROUND-TIPPED RIGHTWARDS ARROW,Dingbats,-0.7943093497786307
ğŸ‘»,0x1f47b,168,0.740824428,GHOST,Miscellaneous Symbols and Pictographs,-0.7914199747646318
ğŸ’°,0x1f4b0,168,0.827466509,MONEY BAG,Miscellaneous Symbols and Pictographs,-0.7902254011154332
ğŸ»,0x1f37b,165,0.745306588,CLINKING BEER MUGS,Miscellaneous Symbols and Pictographs,-0.7775927847751589
ğŸ™…,0x1f645,165,0.838871886,FACE WITH NO GOOD GESTURE,Emoticons,-0.8134150620804994
ğŸŒ,0x1f31e,162,0.709366196,SUN WITH FACE,Miscellaneous Symbols and Pictographs,-0.7756590686805188
ğŸ,0x1f341,161,0.62398169,MAPLE LEAF,Miscellaneous Symbols and Pictographs,-0.779481704357954
â­,0x2b50,159,0.600764348,WHITE MEDIUM STAR,Miscellaneous Symbols and Arrows,-0.775128976623687
â–ª,0x25aa,159,0.145166872,BLACK SMALL SQUARE,Geometric Shapes,-0.7933312926033493
ğŸ€,0x1f380,156,0.651799025,RIBBON,Miscellaneous Symbols and Pictographs,-0.7734192430882716
â”,0x2501,156,0.540249825,BOX DRAWINGS HEAVY HORIZONTAL,Box Drawing,-0.7945034679966254
â˜·,0x2637,154,0.012407833,TRIGRAM FOR EARTH,Miscellaneous Symbols,-0.7995804060057191
ğŸ·,0x1f437,152,0.6026825,PIG FACE,Miscellaneous Symbols and Pictographs,-0.7860443933432384
ğŸ™‰,0x1f649,150,0.757694988,HEAR-NO-EVIL MONKEY,Emoticons,-0.7880303720350309
ğŸŒº,0x1f33a,150,0.629472896,HIBISCUS,Miscellaneous Symbols and Pictographs,-0.7780631481495308
ğŸ’…,0x1f485,149,0.755747604,NAIL POLISH,Miscellaneous Symbols and Pictographs,-0.7857233516750163
ğŸ¶,0x1f436,148,0.654155755,DOG FACE,Miscellaneous Symbols and Pictographs,-0.7773538700453192
ğŸŒš,0x1f31a,148,0.759894657,NEW MOON WITH FACE,Miscellaneous Symbols and Pictographs,-0.7824681384809503
ğŸ‘½,0x1f47d,146,0.612456875,EXTRATERRESTRIAL ALIEN,Miscellaneous Symbols and Pictographs,-0.7890308274662347
ğŸ¤,0x1f3a4,144,0.67089174,MICROPHONE,Miscellaneous Symbols and Pictographs,-0.7824084097984905
ğŸ‘­,0x1f46d,144,0.667223526,TWO WOMEN HOLDING HANDS,Miscellaneous Symbols and Pictographs,-0.7830355609643196
ğŸ§,0x1f3a7,142,0.842970526,HEADPHONE,Miscellaneous Symbols and Pictographs,-0.7853500474096418
ğŸ‘†,0x1f446,138,0.78746414,WHITE UP POINTING BACKHAND INDEX,Miscellaneous Symbols and Pictographs,-0.7894265299875317
ğŸ¸,0x1f378,138,0.662604118,COCKTAIL GLASS,Miscellaneous Symbols and Pictographs,-0.7806314814953076
ğŸ·,0x1f377,137,0.603671624,WINE GLASS,Miscellaneous Symbols and Pictographs,-0.7866790105943751
Â®,0xae,137,0.353084876,REGISTERED SIGN,Latin-1 Supplement,-0.7913677121674793
ğŸ‰,0x1f349,136,0.647778999,WATERMELON,Miscellaneous Symbols and Pictographs,-0.7785783080357477
ğŸ˜‡,0x1f607,135,0.781831331,SMILING FACE WITH HALO,Emoticons,-0.7791531966044245
â˜‘,0x2611,135,0.690061863,BALLOT BOX WITH CHECK,Miscellaneous Symbols,-0.7985575523185928
ğŸƒ,0x1f3c3,135,0.735256148,RUNNER,Miscellaneous Symbols and Pictographs,-0.7864774262910729
ğŸ˜¿,0x1f63f,134,0.811560707,CRYING CAT FACE,Emoticons,-0.8186263896251279
â”‚,0x2502,134,0.483180302,BOX DRAWINGS LIGHT VERTICAL,Box Drawing,-0.7889263022719297
ğŸ’£,0x1f4a3,131,0.846726927,BOMB,Miscellaneous Symbols and Pictographs,-0.8029401443940899
ğŸº,0x1f37a,131,0.68156608,BEER MUG,Miscellaneous Symbols and Pictographs,-0.7835357886799215
â–¶,0x25b6,131,0.498359177,BLACK RIGHT-POINTING TRIANGLE,Geometric Shapes,-0.7945855949350078
ğŸ˜²,0x1f632,129,0.853619885,ASTONISHED FACE,Emoticons,-0.8060161715407761
ğŸ¸,0x1f3b8,125,0.605443071,GUITAR,Miscellaneous Symbols and Pictographs,-0.7834760599974615
ğŸ¹,0x1f379,123,0.764164553,TROPICAL DRINK,Miscellaneous Symbols and Pictographs,-0.7786007062916701
ğŸ’«,0x1f4ab,121,0.614437663,DIZZY SYMBOL,Miscellaneous Symbols and Pictographs,-0.7847154301585051
ğŸ“š,0x1f4da,119,0.69163189,BOOKS,Miscellaneous Symbols and Pictographs,-0.7911138652670245
ğŸ˜¶,0x1f636,117,0.868667638,FACE WITHOUT MOUTH,Emoticons,-0.8084351831804031
ğŸŒ·,0x1f337,116,0.623397976,TULIP,Miscellaneous Symbols and Pictographs,-0.7841106772485983
ğŸ’,0x1f49d,115,0.774410045,HEART WITH RIBBON,Miscellaneous Symbols and Pictographs,-0.78074347277492
ğŸ’¨,0x1f4a8,115,0.711396809,DASH SYMBOL,Miscellaneous Symbols and Pictographs,-0.7898296985941362
ğŸˆ,0x1f3c8,114,0.823010837,AMERICAN FOOTBALL,Miscellaneous Symbols and Pictographs,-0.7848124892675024
ğŸ’,0x1f48d,112,0.807520998,RING,Miscellaneous Symbols and Pictographs,-0.7870000522625972
â˜”,0x2614,111,0.687353164,UMBRELLA WITH RAIN DROPS,Miscellaneous Symbols,-0.7934880803948067
ğŸ‘¸,0x1f478,111,0.654472403,PRINCESS,Miscellaneous Symbols and Pictographs,-0.782781714063865
ğŸ‡ª,0x1f1ea,109,0.698877291,REGIONAL INDICATOR SYMBOL LETTER E,Enclosed Alphanumeric Supplement,-0.78273691755202
â–‘,0x2591,108,0.439438477,LIGHT SHADE,Block Elements,-0.8046349457588903
ğŸ©,0x1f369,107,0.708816106,DOUGHNUT,Miscellaneous Symbols and Pictographs,-0.7908077557694175
ğŸ‘¾,0x1f47e,105,0.55188131,ALIEN MONSTER,Miscellaneous Symbols and Pictographs,-0.7914871695323991
â˜,0x2601,104,0.595923185,CLOUD,Miscellaneous Symbols,-0.7934358177976542
ğŸŒ»,0x1f33b,104,0.607167343,SUNFLOWER,Miscellaneous Symbols and Pictographs,-0.7850887344238796
ğŸ˜µ,0x1f635,103,0.808813841,DIZZY FACE,Emoticons,-0.8007152509724577
ğŸ“’,0x1f4d2,102,0.473944671,LEDGER,Miscellaneous Symbols and Pictographs,-0.8016858420624314
â†¿,0x21bf,102,0.710504202,UPWARDS HARPOON WITH BARB LEFTWARDS,Arrows,-0.7830504931349346
ğŸ¯,0x1f42f,100,0.549561832,TIGER FACE,Miscellaneous Symbols and Pictographs,-0.7886575232008601
ğŸ‘¼,0x1f47c,99,0.683210618,BABY ANGEL,Miscellaneous Symbols and Pictographs,-0.7932267674090444
ğŸ”,0x1f354,98,0.636878313,HAMBURGER,Miscellaneous Symbols and Pictographs,-0.7949663652856898
ğŸ˜¸,0x1f638,97,0.782035657,GRINNING CAT FACE WITH SMILING EYES,Emoticons,-0.7911138652670245
ğŸ‘¶,0x1f476,96,0.745048578,BABY,Miscellaneous Symbols and Pictographs,-0.7905688410395777
â†¾,0x21be,96,0.707142857,UPWARDS HARPOON WITH BARB RIGHTWARDS,Arrows,-0.7842599989547481
ğŸ’,0x1f490,95,0.727586517,BOUQUET,Miscellaneous Symbols and Pictographs,-0.7819828429359634
ğŸŒŠ,0x1f30a,95,0.779832163,WATER WAVE,Miscellaneous Symbols and Pictographs,-0.7887545823098575
ğŸ¦,0x1f366,95,0.630275908,SOFT ICE CREAM,Miscellaneous Symbols and Pictographs,-0.789993952470901
ğŸ“,0x1f353,94,0.689469367,STRAWBERRY,Miscellaneous Symbols and Pictographs,-0.7840285503102159
ğŸ‘‡,0x1f447,94,0.557020638,WHITE DOWN POINTING BACKHAND INDEX,Miscellaneous Symbols and Pictographs,-0.7961161424230434
ğŸ’†,0x1f486,92,0.814023638,FACE MASSAGE,Miscellaneous Symbols and Pictographs,-0.7971688604513996
ğŸ´,0x1f374,92,0.580197926,FORK AND KNIFE,Miscellaneous Symbols and Pictographs,-0.7881348972293358
ğŸ˜§,0x1f627,92,0.774990088,ANGUISHED FACE,Emoticons,-0.8052098343275671
ğŸ‡¸,0x1f1f8,91,0.654691493,REGIONAL INDICATOR SYMBOL LETTER S,Enclosed Alphanumeric Supplement,-0.7890756239780796
ğŸ˜®,0x1f62e,90,0.774237435,FACE WITH OPEN MOUTH,Emoticons,-0.7958996259491261
â–“,0x2593,90,0.658247473,DARK SHADE,Block Elements,-0.8026788314083277
ğŸš«,0x1f6ab,88,0.702937729,NO ENTRY SIGN,Transport and Map Symbols,-0.8153189138339095
ğŸ˜½,0x1f63d,88,0.754242708,KISSING CAT FACE WITH CLOSED EYES,Emoticons,-0.7879781094378785
ğŸŒˆ,0x1f308,88,0.671884074,RAINBOW,Miscellaneous Symbols and Pictographs,-0.7893444030491492
ğŸ™€,0x1f640,88,0.790729154,WEARY CAT FACE,Emoticons,-0.7944288071435505
âš ,0x26a0,88,0.489084942,WARNING SIGN,Miscellaneous Symbols,-0.8049410552564974
ğŸ®,0x1f3ae,86,0.467430446,VIDEO GAME,Miscellaneous Symbols and Pictographs,-0.7920247276745385
â•¯,0x256f,84,0.506910946,BOX DRAWINGS LIGHT ARC UP AND LEFT,Box Drawing,-0.8035598294746116
ğŸ†,0x1f346,84,0.7185031,AUBERGINE,Miscellaneous Symbols and Pictographs,-0.7928833274848999
ğŸ°,0x1f370,84,0.78250627,SHORTCAKE,Miscellaneous Symbols and Pictographs,-0.7918231433712362
âœ“,0x2713,84,0.627535601,CHECK MARK,Dingbats,-0.7958398972666662
ğŸ‘,0x1f450,83,0.875981032,OPEN HANDS SIGN,Miscellaneous Symbols and Pictographs,-0.804067523275521
ğŸ™‡,0x1f647,83,0.794293941,PERSON BOWING DEEPLY,Emoticons,-0.7998566511620963
ğŸŸ,0x1f35f,83,0.650433666,FRENCH FRIES,Miscellaneous Symbols and Pictographs,-0.7956308468780564
ğŸŒ,0x1f34c,82,0.540634157,BANANA,Miscellaneous Symbols and Pictographs,-0.7923756336839904
ğŸ’‘,0x1f491,82,0.682682631,COUPLE WITH HEART,Miscellaneous Symbols and Pictographs,-0.786768603618065
ğŸ‘¬,0x1f46c,82,0.622239773,TWO MEN HOLDING HANDS,Miscellaneous Symbols and Pictographs,-0.804888792659345
ğŸ£,0x1f423,81,0.775650511,HATCHING CHICK,Miscellaneous Symbols and Pictographs,-0.7915394321295516
ğŸƒ,0x1f383,81,0.723541282,JACK-O-LANTERN,Miscellaneous Symbols and Pictographs,-0.7885380658359403
â–¬,0x25ac,81,0.33474298,BLACK RECTANGLE,Geometric Shapes,-0.791651423409164
ï¿¼,0xfffc,81,0.308958013,OBJECT REPLACEMENT CHARACTER,Specials,-0.815311447748602
ğŸ˜Ÿ,0x1f61f,80,0.824309355,WORRIED FACE,Emoticons,-0.8016858420624314
ğŸ¾,0x1f43e,78,0.738983384,PAW PRINTS,Miscellaneous Symbols and Pictographs,-0.7888815057600849
ğŸ“,0x1f393,77,0.647134355,GRADUATION CAP,Miscellaneous Symbols and Pictographs,-0.790038748982746
ğŸŠ,0x1f3ca,77,0.65309632,SWIMMER,Miscellaneous Symbols and Pictographs,-0.7896729108026789
ğŸ«,0x1f36b,76,0.792701023,CHOCOLATE BAR,Miscellaneous Symbols and Pictographs,-0.7998790494180187
ğŸ“·,0x1f4f7,76,0.489732992,CAMERA,Miscellaneous Symbols and Pictographs,-0.793249165664967
ğŸ‘„,0x1f444,75,0.591674278,MOUTH,Miscellaneous Symbols and Pictographs,-0.792353235428068
ğŸŒ¼,0x1f33c,74,0.603679109,BLOSSOM,Miscellaneous Symbols and Pictographs,-0.7856038943100965
ğŸš¶,0x1f6b6,74,0.796900446,PEDESTRIAN,Transport and Map Symbols,-0.8066806531331427
ğŸ±,0x1f431,73,0.544447706,CAT FACE,Miscellaneous Symbols and Pictographs,-0.7918604737977737
â•‘,0x2551,73,0.568238107,BOX DRAWINGS DOUBLE VERTICAL,Box Drawing,-0.7998641172474037
ğŸ¸,0x1f438,72,0.845772164,FROG FACE,Miscellaneous Symbols and Pictographs,-0.8051799699863371
ğŸ‡º,0x1f1fa,71,0.682892538,REGIONAL INDICATOR SYMBOL LETTER U,Enclosed Alphanumeric Supplement,-0.7915543643001666
ğŸ‘¿,0x1f47f,70,0.910730779,IMP,Miscellaneous Symbols and Pictographs,-0.8151471938718372
ğŸš¬,0x1f6ac,70,0.805066327,SMOKING SYMBOL,Transport and Map Symbols,-0.7921441850394583
âœ¿,0x273f,70,0.49871007,BLACK FLORETTE,Dingbats,-0.7949663652856898
ğŸ“–,0x1f4d6,68,0.709941199,OPEN BOOK,Miscellaneous Symbols and Pictographs,-0.7998790494180187
ğŸ’,0x1f412,68,0.639847887,MONKEY,Miscellaneous Symbols and Pictographs,-0.7923457693427606
ğŸŒ,0x1f30d,68,0.623864265,EARTH GLOBE EUROPE-AFRICA,Miscellaneous Symbols and Pictographs,-0.7909496113902598
â”Š,0x250a,68,0.681885417,BOX DRAWINGS LIGHT QUADRUPLE DASH VERTICAL,Box Drawing,-0.7833043400353893
ğŸ¥,0x1f425,67,0.779887133,FRONT-FACING BABY CHICK,Miscellaneous Symbols and Pictographs,-0.7912333226319445
ğŸŒ€,0x1f300,66,0.553405789,CYCLONE,Miscellaneous Symbols and Pictographs,-0.8012304108586745
ğŸ¼,0x1f43c,66,0.614422004,PANDA FACE,Miscellaneous Symbols and Pictographs,-0.797937867238071
ğŸ¥,0x1f3a5,66,0.675875827,MOVIE CAMERA,Miscellaneous Symbols and Pictographs,-0.7974152412665467
ğŸ’„,0x1f484,66,0.636585295,LIPSTICK,Miscellaneous Symbols and Pictographs,-0.7944736036553954
ğŸ’¸,0x1f4b8,66,0.790337996,MONEY WITH WINGS,Miscellaneous Symbols and Pictographs,-0.8001552945743958
â›”,0x26d4,65,0.405987251,NO ENTRY,Miscellaneous Symbols,-0.7935926055891115
â—,0x25cf,65,0.561224463,BLACK CIRCLE,Geometric Shapes,-0.7997521259677913
ğŸ€,0x1f3c0,64,0.807196812,BASKETBALL AND HOOP,Miscellaneous Symbols and Pictographs,-0.7983783662712131
ğŸ’‰,0x1f489,64,0.749555976,SYRINGE,Miscellaneous Symbols and Pictographs,-0.7963102606410382
ğŸ’Ÿ,0x1f49f,63,0.787621444,HEART DECORATION,Miscellaneous Symbols and Pictographs,-0.7900835454945909
ğŸš—,0x1f697,62,0.638133891,AUTOMOBILE,Transport and Map Symbols,-0.7989009922427375
ğŸ˜¯,0x1f62f,62,0.859007902,HUSHED FACE,Emoticons,-0.8010586908966022
ğŸ“,0x1f4dd,62,0.794711655,MEMO,Miscellaneous Symbols and Pictographs,-0.7989009922427375
â•,0x2550,62,0.441188106,BOX DRAWINGS DOUBLE HORIZONTAL,Box Drawing,-0.8028580174557075
â™¦,0x2666,61,0.562227083,BLACK DIAMOND SUIT,Miscellaneous Symbols,-0.794802111408925
ğŸ’­,0x1f4ad,60,0.687954711,THOUGHT BALLOON,Miscellaneous Symbols and Pictographs,-0.7995281434085666
ğŸŒ™,0x1f319,58,0.669389528,CRESCENT MOON,Miscellaneous Symbols and Pictographs,-0.7927414718640575
ğŸŸ,0x1f41f,58,0.676573608,FISH,Miscellaneous Symbols and Pictographs,-0.7909794757314897
ğŸ‘£,0x1f463,58,0.638779151,FOOTPRINTS,Miscellaneous Symbols and Pictographs,-0.7971539282807846
â˜,0x261e,58,0.725402078,WHITE RIGHT POINTING INDEX,Miscellaneous Symbols,-0.8011408178349846
âœ‚,0x2702,58,0.810271779,BLACK SCISSORS,Dingbats,-0.8118397180806188
ğŸ—¿,0x1f5ff,58,0.941936907,MOYAI,Miscellaneous Symbols and Pictographs,-0.7953919321482168
ğŸ,0x1f35d,57,0.56442207,SPAGHETTI,Miscellaneous Symbols and Pictographs,-0.8013871986501317
ğŸ‘ª,0x1f46a,57,0.653303852,FAMILY,Miscellaneous Symbols and Pictographs,-0.8038360746309887
ğŸ­,0x1f36d,57,0.632538929,LOLLIPOP,Miscellaneous Symbols and Pictographs,-0.7980797228589134
ğŸŒƒ,0x1f303,56,0.747623603,NIGHT WITH STARS,Miscellaneous Symbols and Pictographs,-0.7965417092855703
âŒ,0x274c,56,0.612998,CROSS MARK,Dingbats,-0.7987442044512801
ğŸ°,0x1f430,55,0.707516692,RABBIT FACE,Miscellaneous Symbols and Pictographs,-0.7933611569445793
ğŸ’Š,0x1f48a,55,0.675071279,PILL,Miscellaneous Symbols and Pictographs,-0.7960414815699685
ğŸš¨,0x1f6a8,55,0.520959173,POLICE CARS REVOLVING LIGHT,Transport and Map Symbols,-0.7925174893048328
ğŸ˜¦,0x1f626,54,0.882218595,FROWNING FACE WITH OPEN MOUTH,Emoticons,-0.8097716124504439
ğŸª,0x1f36a,54,0.736575166,COOKIE,Miscellaneous Symbols and Pictographs,-0.7981170532854509
ğŸ£,0x1f363,53,0.669970061,SUSHI,Miscellaneous Symbols and Pictographs,-0.8073600668961244
â•­,0x256d,53,0.490077251,BOX DRAWINGS LIGHT ARC DOWN AND RIGHT,Box Drawing,-0.8006405901193827
âœ§,0x2727,53,0.398520727,WHITE FOUR POINTED STAR,Dingbats,-0.7979901298352235
ğŸ†,0x1f386,52,0.798520237,FIREWORKS,Miscellaneous Symbols and Pictographs,-0.7918978042243111
â•®,0x256e,52,0.422827361,BOX DRAWINGS LIGHT ARC DOWN AND LEFT,Box Drawing,-0.8012602751999045
ğŸ,0x1f38e,51,0.417134709,JAPANESE DOLLS,Miscellaneous Symbols and Pictographs,-0.7889636326984673
ğŸ‡©,0x1f1e9,51,0.74501238,REGIONAL INDICATOR SYMBOL LETTER D,Enclosed Alphanumeric Supplement,-0.7936374021009565
âœ…,0x2705,51,0.672789014,WHITE HEAVY CHECK MARK,Dingbats,-0.7968702170391
ğŸ‘¹,0x1f479,49,0.70117277,JAPANESE OGRE,Miscellaneous Symbols and Pictographs,-0.8025668401287154
ğŸ“±,0x1f4f1,49,0.719713336,MOBILE PHONE,Miscellaneous Symbols and Pictographs,-0.7986471453422828
ğŸ™,0x1f64d,49,0.844922892,PERSON FROWNING,Emoticons,-0.8086293013983978
ğŸ‘,0x1f351,49,0.739305631,PEACH,Miscellaneous Symbols and Pictographs,-0.799640134688179
ğŸ¼,0x1f3bc,49,0.636141803,MUSICAL SCORE,Miscellaneous Symbols and Pictographs,-0.7983261036740606
ğŸ”Š,0x1f50a,49,0.651738713,SPEAKER WITH THREE SOUND WAVES,Miscellaneous Symbols and Pictographs,-0.797191258707322
ğŸŒŒ,0x1f30c,47,0.750586217,MILKY WAY,Miscellaneous Symbols and Pictographs,-0.7957652364135913
ğŸ,0x1f34e,47,0.75089759,RED APPLE,Miscellaneous Symbols and Pictographs,-0.7986919418541276
ğŸ»,0x1f43b,47,0.691609267,BEAR FACE,Miscellaneous Symbols and Pictographs,-0.7969448778921748
â”€,0x2500,47,0.711348374,BOX DRAWINGS LIGHT HORIZONTAL,Box Drawing,-0.801222944773367
â•°,0x2570,47,0.509745612,BOX DRAWINGS LIGHT ARC UP AND RIGHT,Box Drawing,-0.8042392432375932
ğŸ’‡,0x1f487,46,0.678429189,HAIRCUT,Miscellaneous Symbols and Pictographs,-0.7987143401100502
â™¬,0x266c,46,0.677442137,BEAMED SIXTEENTH NOTES,Miscellaneous Symbols,-0.7998342529061737
â™š,0x265a,46,0.389194579,BLACK CHESS KING,Miscellaneous Symbols,-0.8026862974936352
ğŸ”´,0x1f534,45,0.655928061,LARGE RED CIRCLE,Miscellaneous Symbols and Pictographs,-0.7977586811906914
ğŸ±,0x1f371,45,0.58000953,BENTO BOX,Miscellaneous Symbols and Pictographs,-0.8080170824031836
ğŸŠ,0x1f34a,45,0.697299999,TANGERINE,Miscellaneous Symbols and Pictographs,-0.7975421647167741
ğŸ’,0x1f352,45,0.619434077,CHERRIES,Miscellaneous Symbols and Pictographs,-0.7989980513517347
ğŸ­,0x1f42d,45,0.822545804,MOUSE FACE,Miscellaneous Symbols and Pictographs,-0.7936672664421864
ğŸ‘Ÿ,0x1f45f,45,0.561642541,ATHLETIC SHOE,Miscellaneous Symbols and Pictographs,-0.7975272325461591
ğŸŒ,0x1f30e,44,0.743438616,EARTH GLOBE AMERICAS,Miscellaneous Symbols and Pictographs,-0.7989905852664273
ğŸ,0x1f34d,44,0.583336287,PINEAPPLE,Miscellaneous Symbols and Pictographs,-0.7969822083187124
ğŸ®,0x1f42e,43,0.846658768,COW FACE,Miscellaneous Symbols and Pictographs,-0.7954591269159842
ğŸ“²,0x1f4f2,43,0.598172133,MOBILE PHONE WITH RIGHTWARDS ARROW AT LEFT,Miscellaneous Symbols and Pictographs,-0.8001926250009334
â˜¼,0x263c,43,0.461142875,WHITE SUN WITH RAYS,Miscellaneous Symbols,-0.8007003188018427
ğŸŒ…,0x1f305,42,0.603551051,SUNRISE,Miscellaneous Symbols and Pictographs,-0.7987292722806651
ğŸ‡·,0x1f1f7,42,0.716327847,REGIONAL INDICATOR SYMBOL LETTER R,Enclosed Alphanumeric Supplement,-0.7945781288497002
ğŸ‘ ,0x1f460,42,0.637243017,HIGH-HEELED SHOE,Miscellaneous Symbols and Pictographs,-0.7987292722806651
ğŸŒ½,0x1f33d,42,0.648931091,EAR OF MAIZE,Miscellaneous Symbols and Pictographs,-0.7975496308020815
ğŸ’§,0x1f4a7,41,0.76764795,DROPLET,Miscellaneous Symbols and Pictographs,-0.8056428672754016
â“,0x2753,41,0.614920844,BLACK QUESTION MARK ORNAMENT,Dingbats,-0.8025369757874854
ğŸ¬,0x1f36c,41,0.784072191,CANDY,Miscellaneous Symbols and Pictographs,-0.7987666027072026
ğŸ˜º,0x1f63a,40,0.825897808,SMILING CAT FACE WITH OPEN MOUTH,Emoticons,-0.798482891465518
ğŸ´,0x1f434,40,0.795776393,HORSE FACE,Miscellaneous Symbols and Pictographs,-0.8025593740434078
ğŸš€,0x1f680,40,0.698479931,ROCKET,Transport and Map Symbols,-0.7972285891338595
Â¦,0xa6,40,0.402048475,BROKEN BAR,Latin-1 Supplement,-0.7961385406789658
ğŸ’¢,0x1f4a2,40,0.560644274,ANGER SYMBOL,Miscellaneous Symbols and Pictographs,-0.8004912684132329
ğŸ¬,0x1f3ac,40,0.650028961,CLAPPER BOARD,Miscellaneous Symbols and Pictographs,-0.7998491850767887
ğŸ§,0x1f367,40,0.674847866,SHAVED ICE,Miscellaneous Symbols and Pictographs,-0.7996625329441014
ğŸœ,0x1f35c,40,0.577916931,STEAMING BOWL,Miscellaneous Symbols and Pictographs,-0.7984978236361329
ğŸ,0x1f40f,40,0.975591533,RAM,Miscellaneous Symbols and Pictographs,-0.796355057152883
ğŸ˜,0x1f418,40,0.722256768,ELEPHANT,Miscellaneous Symbols and Pictographs,-0.8031566608680071
ğŸ‘§,0x1f467,40,0.649498717,GIRL,Miscellaneous Symbols and Pictographs,-0.8017157064036614
â €,0x2800,40,0.377950694,BRAILLE PATTERN BLANK,Braille Patterns,-0.8028206870291701
ğŸ„,0x1f3c4,39,0.772893432,SURFER,Miscellaneous Symbols and Pictographs,-0.7969448778921748
â¤,0x27a4,39,0.382195298,BLACK RIGHTWARDS ARROWHEAD,Dingbats,-0.7995356094938741
â¬†,0x2b06,39,0.605681579,UPWARDS BLACK ARROW,Miscellaneous Symbols and Arrows,-0.7998417189914813
ğŸ‹,0x1f34b,38,0.742802859,LEMON,Miscellaneous Symbols and Pictographs,-0.8005062005838479
ğŸ†—,0x1f197,38,0.852316542,SQUARED OK,Enclosed Alphanumeric Supplement,-0.7970120726599423
âšª,0x26aa,37,0.564780444,MEDIUM WHITE CIRCLE,Miscellaneous Symbols,-0.7980946550295285
ğŸ“º,0x1f4fa,37,0.61386867,TELEVISION,Miscellaneous Symbols and Pictographs,-0.7990129835223497
ğŸ…,0x1f345,37,0.838126825,TOMATO,Miscellaneous Symbols and Pictographs,-0.7993937538730318
â›…,0x26c5,37,0.61632427,SUN BEHIND CLOUD,Miscellaneous Symbols,-0.7981543837119883
ğŸ¢,0x1f422,37,0.621646684,TURTLE,Miscellaneous Symbols and Pictographs,-0.8010960213231397
ğŸ‘™,0x1f459,37,0.697202004,BIKINI,Miscellaneous Symbols and Pictographs,-0.7975570968873891
ğŸ¡,0x1f3e1,36,0.744478613,HOUSE WITH GARDEN,Miscellaneous Symbols and Pictographs,-0.798467959294903
ğŸŒ¾,0x1f33e,36,0.558280959,EAR OF RICE,Miscellaneous Symbols and Pictographs,-0.7973032499869344
â—‰,0x25c9,36,0.046697697,FISHEYE,Geometric Shapes,-0.8004315397307731
âœ,0x270f,35,0.625100023,PENCIL,Dingbats,-0.799610270346949
ğŸ¬,0x1f42c,35,0.74664334,DOLPHIN,Miscellaneous Symbols and Pictographs,-0.7987218061953576
ğŸ¤,0x1f364,35,0.513142123,FRIED SHRIMP,Miscellaneous Symbols and Pictographs,-0.8028580174557075
ğŸ‡¹,0x1f1f9,35,0.584324615,REGIONAL INDICATOR SYMBOL LETTER T,Enclosed Alphanumeric Supplement,-0.7969448778921748
â™£,0x2663,35,0.666096972,BLACK CLUB SUIT,Miscellaneous Symbols,-0.7996252025175641
ğŸ,0x1f41d,35,0.734687255,HONEYBEE,Miscellaneous Symbols and Pictographs,-0.8010960213231397
ğŸŒ,0x1f31d,34,0.718124589,FULL MOON WITH FACE,Miscellaneous Symbols and Pictographs,-0.8013946647354393
ğŸ‡®,0x1f1ee,34,0.575925963,REGIONAL INDICATOR SYMBOL LETTER I,Enclosed Alphanumeric Supplement,-0.7969523439774824
ğŸ”‹,0x1f50b,34,0.583005086,BATTERY,Miscellaneous Symbols and Pictographs,-0.8089279448106974
ğŸ,0x1f40d,34,0.622534826,SNAKE,Miscellaneous Symbols and Pictographs,-0.7996177364322565
â™”,0x2654,34,0.588904318,WHITE CHESS KING,Miscellaneous Symbols,-0.7975346986314666
ğŸ³,0x1f373,33,0.798473001,COOKING,Miscellaneous Symbols and Pictographs,-0.8032686521476196
ğŸ”µ,0x1f535,33,0.680543536,LARGE BLUE CIRCLE,Miscellaneous Symbols and Pictographs,-0.8002224893421632
ğŸ˜¾,0x1f63e,33,0.914644696,POUTING CAT FACE,Emoticons,-0.8071584825928222
ğŸŒ•,0x1f315,33,0.641921506,FULL MOON SYMBOL,Miscellaneous Symbols and Pictographs,-0.797586961228619
ğŸ¨,0x1f428,33,0.696298274,KOALA,Miscellaneous Symbols and Pictographs,-0.7987666027072026
ğŸ”,0x1f510,33,0.845213961,CLOSED LOCK WITH KEY,Miscellaneous Symbols and Pictographs,-0.7999611763564011
ğŸ’¿,0x1f4bf,33,0.444466092,OPTICAL DISC,Miscellaneous Symbols and Pictographs,-0.7969598100627898
â,0x2741,33,0.492535753,EIGHT PETALLED OUTLINED BLACK FLORETTE,Dingbats,-0.8027833566026326
ğŸŒ³,0x1f333,32,0.536180131,DECIDUOUS TREE,Miscellaneous Symbols and Pictographs,-0.798453027124288
ğŸ‘°,0x1f470,32,0.787391801,BRIDE WITH VEIL,Miscellaneous Symbols and Pictographs,-0.798467959294903
â€,0x2740,32,0.443664362,WHITE FLORETTE,Dingbats,-0.7992966947640344
âš“,0x2693,32,0.592872704,ANCHOR,Miscellaneous Symbols,-0.7975794951433115
ğŸš´,0x1f6b4,32,0.573441922,BICYCLIST,Transport and Map Symbols,-0.7966760988211051
â–€,0x2580,32,0.249971192,UPPER HALF BLOCK,Block Elements,-0.8049783856830348
ğŸ‘—,0x1f457,31,0.703059819,DRESS,Miscellaneous Symbols and Pictographs,-0.8011258856643697
â•,0x2795,31,0.034111266,HEAVY PLUS SIGN,Dingbats,-0.7981991802238333
ğŸ’¬,0x1f4ac,30,0.635322751,SPEECH BALLOON,Miscellaneous Symbols and Pictographs,-0.7999537102710936
â–’,0x2592,30,0.5006455,MEDIUM SHADE,Block Elements,-0.8037091511807615
ğŸ”œ,0x1f51c,30,0.606237062,SOON WITH RIGHTWARDS ARROW ABOVE,Miscellaneous Symbols and Pictographs,-0.800842174422685
ğŸ¨,0x1f368,30,0.656537195,ICE CREAM,Miscellaneous Symbols and Pictographs,-0.8014693255885142
ğŸ’²,0x1f4b2,30,0.793676272,HEAVY DOLLAR SIGN,Miscellaneous Symbols and Pictographs,-0.8010586908966022
â›½,0x26fd,30,0.287349631,FUEL PUMP,Miscellaneous Symbols,-0.8019471550481936
ğŸ™,0x1f359,29,0.566487361,RICE BALL,Miscellaneous Symbols and Pictographs,-0.8008496405079925
ğŸ—,0x1f357,29,0.674706178,POULTRY LEG,Miscellaneous Symbols and Pictographs,-0.8029476104793973
ğŸ²,0x1f372,29,0.672925496,POT OF FOOD,Miscellaneous Symbols and Pictographs,-0.8023353914841831
ğŸ¥,0x1f365,29,0.57963379,FISH CAKE WITH SWIRL DESIGN,Miscellaneous Symbols and Pictographs,-0.8092564525642271
â–¸,0x25b8,29,0.516844972,BLACK RIGHT-POINTING SMALL TRIANGLE,Geometric Shapes,-0.8013573343089019
â™›,0x265b,29,0.48995855,BLACK CHESS QUEEN,Miscellaneous Symbols,-0.801708240318354
ğŸ˜¼,0x1f63c,28,0.855991066,CAT FACE WITH WRY SMILE,Emoticons,-0.8002747519393156
ğŸ™,0x1f419,28,0.677637628,OCTOPUS,Miscellaneous Symbols and Pictographs,-0.7999387781004786
ğŸ‘¨,0x1f468,28,0.693754806,MAN,Miscellaneous Symbols and Pictographs,-0.79877406879251
ğŸš,0x1f35a,28,0.636903275,COOKED RICE,Miscellaneous Symbols and Pictographs,-0.7994161521289542
ğŸ–,0x1f356,28,0.678553575,MEAT ON BONE,Miscellaneous Symbols and Pictographs,-0.8023428575694906
â™¨,0x2668,28,0.664942237,HOT SPRINGS,Miscellaneous Symbols,-0.7955412538543666
ğŸ¹,0x1f3b9,28,0.466337612,MUSICAL KEYBOARD,Miscellaneous Symbols and Pictographs,-0.8002000910862408
â™•,0x2655,28,0.621310417,WHITE CHESS QUEEN,Miscellaneous Symbols,-0.7999089137592487
â–ƒ,0x2583,28,0.373188406,LOWER THREE EIGHTHS BLOCK,Block Elements,-0.7952500765273744
ğŸš˜,0x1f698,27,0.649502793,ONCOMING AUTOMOBILE,Transport and Map Symbols,-0.8029476104793973
ğŸ,0x1f34f,27,0.85243179,GREEN APPLE,Miscellaneous Symbols and Pictographs,-0.8029326783087823
ğŸ‘©,0x1f469,27,0.731773327,WOMAN,Miscellaneous Symbols and Pictographs,-0.8029625426500123
ğŸ‘¦,0x1f466,27,0.606457886,BOY,Miscellaneous Symbols and Pictographs,-0.8023204593135682
ğŸ‡¬,0x1f1ec,27,0.582061343,REGIONAL INDICATOR SYMBOL LETTER G,Enclosed Alphanumeric Supplement,-0.8011109534937546
ğŸ‡§,0x1f1e7,27,0.595070874,REGIONAL INDICATOR SYMBOL LETTER B,Enclosed Alphanumeric Supplement,-0.8011109534937546
â˜ ,0x2620,27,0.748862198,SKULL AND CROSSBONES,Miscellaneous Symbols,-0.8038062102897587
ğŸ ,0x1f420,26,0.767680777,TROPICAL FISH,Miscellaneous Symbols and Pictographs,-0.7999835746123236
ğŸš¹,0x1f6b9,26,0.811646698,MENS SYMBOL,Transport and Map Symbols,-0.7976093594845415
ğŸ’µ,0x1f4b5,26,0.806506343,BANKNOTE WITH DOLLAR SIGN,Miscellaneous Symbols and Pictographs,-0.8002598197687008
âœ°,0x2730,26,0.19481227,SHADOWED WHITE STAR,Dingbats,-0.7967208953329501
â• ,0x2560,26,0.542511882,BOX DRAWINGS DOUBLE VERTICAL AND RIGHT,Box Drawing,-0.8016709098918164
ğŸ‘›,0x1f45b,25,0.696359786,PURSE,Miscellaneous Symbols and Pictographs,-0.8005733953516153
ğŸš™,0x1f699,25,0.653234313,RECREATIONAL VEHICLE,Transport and Map Symbols,-0.8032089234651596
ğŸŒ±,0x1f331,25,0.561338235,SEEDLING,Miscellaneous Symbols and Pictographs,-0.7987666027072026
ğŸ’»,0x1f4bb,25,0.489415613,PERSONAL COMPUTER,Miscellaneous Symbols and Pictographs,-0.8014021308207468
ğŸŒ,0x1f30f,25,0.681460526,EARTH GLOBE ASIA-AUSTRALIA,Miscellaneous Symbols and Pictographs,-0.8008496405079925
â–„,0x2584,25,0.464453824,LOWER HALF BLOCK,Block Elements,-0.804127251957981
ğŸ‘“,0x1f453,24,0.514451688,EYEGLASSES,Miscellaneous Symbols and Pictographs,-0.8011034874084472
â—„,0x25c4,24,0.671979253,BLACK LEFT-POINTING POINTER,Geometric Shapes,-0.8016858420624314
âš¾,0x26be,24,0.213609507,BASEBALL,Miscellaneous Symbols,-0.8038584728869113
ğŸŒ²,0x1f332,23,0.496443035,EVERGREEN TREE,Miscellaneous Symbols and Pictographs,-0.8005584631810003
ğŸ‘´,0x1f474,23,0.783858479,OLDER MAN,Miscellaneous Symbols and Pictographs,-0.8017679690008138
ğŸ ,0x1f3e0,23,0.641777733,HOUSE BUILDING,Miscellaneous Symbols and Pictographs,-0.7996699990294089
ğŸ‡,0x1f347,23,0.583781365,GRAPES,Miscellaneous Symbols and Pictographs,-0.8014767916738217
ğŸ˜,0x1f358,23,0.620778046,RICE CRACKER,Miscellaneous Symbols and Pictographs,-0.8006032596928453
ğŸ›,0x1f35b,23,0.585489158,CURRY AND RICE,Miscellaneous Symbols and Pictographs,-0.8032686521476196
ğŸ‡,0x1f407,23,0.96735812,RABBIT,Miscellaneous Symbols and Pictographs,-0.8017530368301988
ğŸ”,0x1f51e,23,0.814490975,NO ONE UNDER EIGHTEEN SYMBOL,Miscellaneous Symbols and Pictographs,-0.8038211424603738
ğŸ‘µ,0x1f475,23,0.818006874,OLDER WOMAN,Miscellaneous Symbols and Pictographs,-0.8003120823658532
â—€,0x25c0,23,0.221018064,BLACK LEFT-POINTING TRIANGLE,Geometric Shapes,-0.8014021308207468
ğŸ”™,0x1f519,23,0.143848565,BACK WITH LEFTWARDS ARROW ABOVE,Miscellaneous Symbols and Pictographs,-0.8020143498159611
ğŸŒµ,0x1f335,23,0.670060172,CACTUS,Miscellaneous Symbols and Pictographs,-0.8020740784984209
ğŸ½,0x1f43d,22,0.647826714,PIG NOSE,Miscellaneous Symbols and Pictographs,-0.8026489670670978
ğŸ®,0x1f36e,22,0.701402915,CUSTARD,Miscellaneous Symbols and Pictographs,-0.8044706918821255
ğŸ‡,0x1f387,22,0.820989335,FIREWORK SPARKLER,Miscellaneous Symbols and Pictographs,-0.798512755806748
ğŸ,0x1f40e,22,0.698088195,HORSE,Miscellaneous Symbols and Pictographs,-0.8005659292663079
â”,0x2794,22,0.540918757,HEAVY WIDE-HEADED RIGHTWARDS ARROW,Dingbats,-0.8043661666878206
ğŸ’¶,0x1f4b6,22,0.748289907,BANKNOTE WITH EURO SIGN,Miscellaneous Symbols and Pictographs,-0.8034926347068442
ğŸ¤,0x1f424,22,0.838037285,BABY CHICK,Miscellaneous Symbols and Pictographs,-0.7996774651147165
â•©,0x2569,22,0.811363636,BOX DRAWINGS DOUBLE UP AND HORIZONTAL,Box Drawing,-0.8019919515600386
ğŸ›€,0x1f6c0,21,0.904298381,BATH,Transport and Map Symbols,-0.8026713653230202
ğŸŒ‘,0x1f311,21,0.603915537,NEW MOON SYMBOL,Miscellaneous Symbols and Pictographs,-0.8002822180246232
ğŸš²,0x1f6b2,21,0.582675365,BICYCLE,Transport and Map Symbols,-0.8008496405079925
ğŸ‘,0x1f411,21,0.921935783,SHEEP,Miscellaneous Symbols and Pictographs,-0.8047096066119652
ğŸ,0x1f3c1,21,0.618314821,CHEQUERED FLAG,Miscellaneous Symbols and Pictographs,-0.7999611763564011
ğŸ,0x1f35e,21,0.710838498,BREAD,Miscellaneous Symbols and Pictographs,-0.8032537199770045
ğŸ¾,0x1f3be,21,0.820392839,TENNIS RACQUET AND BALL,Miscellaneous Symbols and Pictographs,-0.7996998633706389
â•š,0x255a,21,0.714311764,BOX DRAWINGS DOUBLE UP AND RIGHT,Box Drawing,-0.8014170629913617
ğŸˆ¹,0x1f239,21,0.349907717,SQUARED CJK UNIFIED IDEOGRAPH-5272,Enclosed Ideographic Supplement,-0.8014319951619767
ğŸ³,0x1f433,20,0.65571861,SPOUTING WHALE,Miscellaneous Symbols and Pictographs,-0.8026489670670978
ğŸ‘®,0x1f46e,20,0.742230559,POLICE OFFICER,Miscellaneous Symbols and Pictographs,-0.8059415106877011
â˜¹,0x2639,20,0.776559964,WHITE FROWNING FACE,Miscellaneous Symbols,-0.8071659486781296
ğŸµ,0x1f435,20,0.63050797,MONKEY FACE,Miscellaneous Symbols and Pictographs,-0.8002747519393156
âœª,0x272a,20,0.287581918,CIRCLED WHITE STAR,Dingbats,-0.8014245290766693
â—•,0x25d5,20,0.594134042,CIRCLE WITH ALL BUT UPPER LEFT QUADRANT BLACK,Geometric Shapes,-0.8005509970956928
ğŸ—¼,0x1f5fc,20,0.653788547,TOKYO TOWER,Miscellaneous Symbols and Pictographs,-0.7999835746123236
â–,0x2590,20,0.304138759,RIGHT HALF BLOCK,Block Elements,-0.8043960310290506
â™ ,0x2660,20,0.533120829,BLACK SPADE SUIT,Miscellaneous Symbols,-0.8014245290766693
â”³,0x2533,20,0.399288134,BOX DRAWINGS HEAVY DOWN AND HORIZONTAL,Box Drawing,-0.8059415106877011
ğŸ‘º,0x1f47a,19,0.824824563,JAPANESE GOBLIN,Miscellaneous Symbols and Pictographs,-0.8047544031238101
ğŸš,0x1f41a,19,0.526458845,SPIRAL SHELL,Miscellaneous Symbols and Pictographs,-0.802029281986576
ğŸ‘‚,0x1f442,19,0.68212761,EAR,Miscellaneous Symbols and Pictographs,-0.804448293626203
ğŸ—½,0x1f5fd,19,0.651087541,STATUE OF LIBERTY,Miscellaneous Symbols and Pictographs,-0.8014469273325917
ğŸµ,0x1f375,19,0.650326294,TEACUP WITHOUT HANDLE,Miscellaneous Symbols and Pictographs,-0.8011856143468296
ğŸ†’,0x1f192,19,0.627794041,SQUARED COOL,Enclosed Alphanumeric Supplement,-0.8011408178349846
ğŸ¯,0x1f36f,19,0.779822828,HONEY POT,Miscellaneous Symbols and Pictographs,-0.8032835843182344
ğŸº,0x1f43a,19,0.734916913,WOLF FACE,Miscellaneous Symbols and Pictographs,-0.802044214157191
â‡¨,0x21e8,19,0.541146317,RIGHTWARDS WHITE ARROW,Arrows,-0.8005584631810003
â¨,0x27a8,19,0.558287039,HEAVY CONCAVE-POINTED BLACK RIGHTWARDS ARROW,Dingbats,-0.8026265688111753
ğŸŒ“,0x1f313,19,0.458297394,FIRST QUARTER MOON SYMBOL,Miscellaneous Symbols and Pictographs,-0.7996849312000239
ğŸ”’,0x1f512,19,0.939297049,LOCK,Miscellaneous Symbols and Pictographs,-0.8023801879960281
â•¬,0x256c,19,0.32158749,BOX DRAWINGS DOUBLE VERTICAL AND HORIZONTAL,Box Drawing,-0.8044333614555881
ğŸ‘³,0x1f473,18,0.816081393,MAN WITH TURBAN,Miscellaneous Symbols and Pictographs,-0.7997222616265613
ğŸŒ‚,0x1f302,18,0.784983076,CLOSED UMBRELLA,Miscellaneous Symbols and Pictographs,-0.8020516802424985
ğŸšŒ,0x1f68c,18,0.635613322,BUS,Transport and Map Symbols,-0.8023428575694906
â™©,0x2669,18,0.791816647,QUARTER NOTE,Miscellaneous Symbols,-0.8002747519393156
ğŸ¡,0x1f361,18,0.699734257,DANGO,Miscellaneous Symbols and Pictographs,-0.8038435407162963
â¥,0x2765,18,0.440217022,ROTATED HEAVY BLACK HEART BULLET,Dingbats,-0.8020218159012685
ğŸ¡,0x1f3a1,18,0.506097489,FERRIS WHEEL,Miscellaneous Symbols and Pictographs,-0.8017455707448914
ğŸ’Œ,0x1f48c,17,0.805000544,LOVE LETTER,Miscellaneous Symbols and Pictographs,-0.8006032596928453
ğŸ©,0x1f429,17,0.87034228,POODLE,Miscellaneous Symbols and Pictographs,-0.8014469273325917
ğŸŒœ,0x1f31c,17,0.604117045,LAST QUARTER MOON WITH FACE,Miscellaneous Symbols and Pictographs,-0.8005733953516153
âŒš,0x231a,17,0.64929786,WATCH,Miscellaneous Technical,-0.8023503236547982
ğŸš¿,0x1f6bf,17,0.669217138,SHOWER,Transport and Map Symbols,-0.800005972868246
ğŸ–,0x1f416,17,0.814054951,PIG,Miscellaneous Symbols and Pictographs,-0.8026116366405603
ğŸ”†,0x1f506,17,0.604618098,HIGH BRIGHTNESS SYMBOL,Miscellaneous Symbols and Pictographs,-0.8002822180246232
ğŸŒ›,0x1f31b,17,0.679966738,FIRST QUARTER MOON WITH FACE,Miscellaneous Symbols and Pictographs,-0.8002822180246232
ğŸ’‚,0x1f482,17,0.691282654,GUARDSMAN,Miscellaneous Symbols and Pictographs,-0.8044781579674329
ğŸ”,0x1f414,17,0.627149273,CHICKEN,Miscellaneous Symbols and Pictographs,-0.8017530368301988
ğŸ™,0x1f64e,17,0.640742988,PERSON WITH POUTING FACE,Emoticons,-0.8038958033134487
ğŸ©,0x1f3e9,16,0.587431016,LOVE HOTEL,Miscellaneous Symbols and Pictographs,-0.801193080432137
ğŸ‡«,0x1f1eb,16,0.718033886,REGIONAL INDICATOR SYMBOL LETTER F,Enclosed Alphanumeric Supplement,-0.800872038763915
ğŸ”¨,0x1f528,16,0.738603866,HAMMER,Miscellaneous Symbols and Pictographs,-0.8041645823845184
ğŸ“¢,0x1f4e2,16,0.545722402,PUBLIC ADDRESS LOUDSPEAKER,Miscellaneous Symbols and Pictographs,-0.8011632160909071
ğŸ¦,0x1f426,16,0.75753571,BIRD,Miscellaneous Symbols and Pictographs,-0.8011632160909071
ğŸ²,0x1f432,16,0.457546329,DRAGON FACE,Miscellaneous Symbols and Pictographs,-0.8038136763750663
â™»,0x267b,16,0.438690753,BLACK UNIVERSAL RECYCLING SYMBOL,Miscellaneous Symbols,-0.800872038763915
ğŸŒ˜,0x1f318,16,0.577817017,WANING CRESCENT MOON SYMBOL,Miscellaneous Symbols and Pictographs,-0.8002896841099307
ğŸ,0x1f350,16,0.84457574,PEAR,Miscellaneous Symbols and Pictographs,-0.8026937635789426
ğŸŒ”,0x1f314,16,0.447188207,WAXING GIBBOUS MOON SYMBOL,Miscellaneous Symbols and Pictographs,-0.8002896841099307
â•¥,0x2565,16,0.8694829,BOX DRAWINGS DOWN DOUBLE AND HORIZONTAL SINGLE,Box Drawing,-0.8029998730765499
âŠ,0x274a,16,0.45212766,EIGHT TEARDROP-SPOKED PROPELLER ASTERISK,Dingbats,-0.8034926347068442
ğŸ‘–,0x1f456,15,0.910194857,JEANS,Miscellaneous Symbols and Pictographs,-0.8017679690008138
ğŸšº,0x1f6ba,15,0.677226689,WOMENS SYMBOL,Transport and Map Symbols,-0.8026564331524053
ğŸ˜—,0x1f617,15,0.714328477,KISSING FACE,Emoticons,-0.8003120823658532
ğŸ­,0x1f3ad,15,0.657660049,PERFORMING ARTS,Miscellaneous Symbols and Pictographs,-0.8035747616452266
ğŸ„,0x1f404,15,0.825887991,COW,Miscellaneous Symbols and Pictographs,-0.8020740784984209
â—Ÿ,0x25df,15,0.646546064,LOWER LEFT QUADRANT CIRCULAR ARC,Geometric Shapes,-0.8038211424603738
ğŸ¢,0x1f362,15,0.684276452,ODEN,Miscellaneous Symbols and Pictographs,-0.8041571162992109
ğŸ¨,0x1f3a8,15,0.490548154,ARTIST PALETTE,Miscellaneous Symbols and Pictographs,-0.8026415009817902
â¬‡,0x2b07,15,0.631917187,DOWNWARDS BLACK ARROW,Miscellaneous Symbols and Arrows,-0.8014917238444367
ğŸš¼,0x1f6bc,15,0.692874634,BABY SYMBOL,Transport and Map Symbols,-0.8005883275222303
â›²,0x26f2,15,0.697309585,FOUNTAIN,Miscellaneous Symbols,-0.8032238556357746
â–,0x2581,15,0.711319751,LOWER ONE EIGHTH BLOCK,Block Elements,-0.8035001007921517
ğŸ‡´,0x1f1f4,15,0.676124081,REGIONAL INDICATOR SYMBOL LETTER O,Enclosed Alphanumeric Supplement,-0.8017530368301988
ğŸŒ—,0x1f317,15,0.54681955,LAST QUARTER MOON SYMBOL,Miscellaneous Symbols and Pictographs,-0.8002971501952382
ğŸŒ–,0x1f316,15,0.534539354,WANING GIBBOUS MOON SYMBOL,Miscellaneous Symbols and Pictographs,-0.8002971501952382
ğŸ”…,0x1f505,15,0.634782609,LOW BRIGHTNESS SYMBOL,Miscellaneous Symbols and Pictographs,-0.7991324408872696
ğŸ‘œ,0x1f45c,14,0.675482619,HANDBAG,Miscellaneous Symbols and Pictographs,-0.8023727219107206
ğŸŒ,0x1f40c,14,0.421349764,SNAIL,Miscellaneous Symbols and Pictographs,-0.8003046162805456
ğŸ’¼,0x1f4bc,14,0.573028381,BRIEFCASE,Miscellaneous Symbols and Pictographs,-0.800901903105145
ğŸš•,0x1f695,14,0.526016674,TAXI,Transport and Map Symbols,-0.8035523633893041
ğŸ¹,0x1f439,14,0.743700839,HAMSTER FACE,Miscellaneous Symbols and Pictographs,-0.8020964767543435
ğŸŒ ,0x1f320,14,0.761411531,SHOOTING STAR,Miscellaneous Symbols and Pictographs,-0.8009168352757599
ğŸˆ,0x1f408,14,0.645414223,CAT,Miscellaneous Symbols and Pictographs,-0.8020516802424985
â‡§,0x21e7,14,0.461420203,UPWARDS WHITE ARROW,Arrows,-0.8029252122234749
â˜,0x260e,14,0.836709012,BLACK TELEPHONE,Miscellaneous Symbols,-0.8035374312186891
ğŸŒ,0x1f301,14,0.744406749,FOGGY,Miscellaneous Symbols and Pictographs,-0.8026489670670978
âš«,0x26ab,14,0.440912997,MEDIUM BLACK CIRCLE,Miscellaneous Symbols,-0.8023876540813356
â™§,0x2667,14,0.775062446,WHITE CLUB SUIT,Miscellaneous Symbols,-0.8011781482615221
ğŸ°,0x1f3f0,14,0.434066804,EUROPEAN CASTLE,Miscellaneous Symbols and Pictographs,-0.8020666124131135
ğŸšµ,0x1f6b5,14,0.5561554,MOUNTAIN BICYCLIST,Transport and Map Symbols,-0.8017605029155064
ğŸ¢,0x1f3a2,14,0.825803746,ROLLER COASTER,Miscellaneous Symbols and Pictographs,-0.801193080432137
ğŸ·,0x1f3b7,14,0.759955203,SAXOPHONE,Miscellaneous Symbols and Pictographs,-0.8003046162805456
ğŸ,0x1f390,14,0.290879701,WIND CHIME,Miscellaneous Symbols and Pictographs,-0.8026340348964828
â”ˆ,0x2508,14,0.792740417,BOX DRAWINGS LIGHT QUADRUPLE DASH HORIZONTAL,Box Drawing,-0.8065985261947604
â•—,0x2557,14,0.361119833,BOX DRAWINGS DOUBLE DOWN AND LEFT,Box Drawing,-0.8017605029155064
â•±,0x2571,14,0.547959184,BOX DRAWINGS LIGHT DIAGONAL UPPER RIGHT TO LOWER LEFT,Box Drawing,-0.8035075668774592
ğŸŒ‡,0x1f307,13,0.54287435,SUNSET OVER BUILDINGS,Miscellaneous Symbols and Pictographs,-0.8011856143468296
â°,0x23f0,13,0.645780266,ALARM CLOCK,Miscellaneous Technical,-0.8015066560150517
â‡©,0x21e9,13,0.503572636,DOWNWARDS WHITE ARROW,Arrows,-0.8035150329627667
ğŸš‚,0x1f682,13,0.656030729,STEAM LOCOMOTIVE,Transport and Map Symbols,-0.8023503236547982
â— ,0x25e0,13,0.652555193,UPPER HALF CIRCLE,Geometric Shapes,-0.8014767916738217
ğŸ¿,0x1f3bf,13,0.727391903,SKI AND SKI BOOT,Miscellaneous Symbols and Pictographs,-0.8017829011714288
âœ¦,0x2726,13,0.402369693,BLACK FOUR POINTED STAR,Dingbats,-0.8032238556357746
ğŸ†”,0x1f194,13,0.479124776,SQUARED ID,Enclosed Alphanumeric Supplement,-0.800020905038861
â›ª,0x26ea,13,0.38723933,CHURCH,Miscellaneous Symbols,-0.8029625426500123
ğŸŒ’,0x1f312,13,0.446222397,WAXING CRESCENT MOON SYMBOL,Miscellaneous Symbols and Pictographs,-0.8008944370198374
ğŸª,0x1f42a,13,0.836925018,DROMEDARY CAMEL,Miscellaneous Symbols and Pictographs,-0.8008944370198374
â•”,0x2554,13,0.309824364,BOX DRAWINGS DOUBLE DOWN AND RIGHT,Box Drawing,-0.8023503236547982
â•,0x255d,13,0.800037569,BOX DRAWINGS DOUBLE UP AND LEFT,Box Drawing,-0.8014767916738217
ğŸ‘”,0x1f454,12,0.520012314,NECKTIE,Miscellaneous Symbols and Pictographs,-0.8020964767543435
ğŸ”±,0x1f531,12,0.790792217,TRIDENT EMBLEM,Miscellaneous Symbols and Pictographs,-0.803276118232927
ğŸ†“,0x1f193,12,0.551459397,SQUARED FREE,Enclosed Alphanumeric Supplement,-0.8026489670670978
ğŸ‹,0x1f40b,12,0.865813424,WHALE,Miscellaneous Symbols and Pictographs,-0.8026788314083277
â–½,0x25bd,12,0.843553507,WHITE DOWN-POINTING TRIANGLE,Geometric Shapes,-0.8017903672567364
â–‚,0x2582,12,0.578512397,LOWER ONE QUARTER BLOCK,Block Elements,-0.8035224990480742
ğŸ›,0x1f41b,12,0.672751951,BUG,Miscellaneous Symbols and Pictographs,-0.8023876540813356
ğŸ‘•,0x1f455,12,0.795097842,T-SHIRT,Miscellaneous Symbols and Pictographs,-0.8017903672567364
ğŸš‹,0x1f68b,12,0.317741493,TRAM CAR,Transport and Map Symbols,-0.803231321721082
ğŸ’³,0x1f4b3,12,0.83392297,CREDIT CARD,Miscellaneous Symbols and Pictographs,-0.8017903672567364
ğŸŒ†,0x1f306,12,0.764797204,CITYSCAPE AT DUSK,Miscellaneous Symbols and Pictographs,-0.8029700087353199
ğŸ§,0x1f3e7,12,0.888240175,AUTOMATED TELLER MACHINE,Miscellaneous Symbols and Pictographs,-0.8000283711241685
ğŸ’¡,0x1f4a1,12,0.597619454,ELECTRIC LIGHT BULB,Miscellaneous Symbols and Pictographs,-0.800901903105145
ğŸ”¹,0x1f539,12,0.170199929,SMALL BLUE DIAMOND,Miscellaneous Symbols and Pictographs,-0.8029700087353199
â¬…,0x2b05,12,0.662574787,LEFTWARDS BLACK ARROW,Miscellaneous Symbols and Arrows,-0.8014842577591292
ğŸ ,0x1f360,12,0.938678015,ROASTED SWEET POTATO,Miscellaneous Symbols and Pictographs,-0.8035971599011491
ğŸ«,0x1f42b,12,0.770082215,BACTRIAN CAMEL,Miscellaneous Symbols and Pictographs,-0.8020666124131135
ğŸª,0x1f3ea,12,0.374437236,CONVENIENCE STORE,Miscellaneous Symbols and Pictographs,-0.803261186062312
Û©,0x6e9,12,0.464312944,ARABIC PLACE OF SAJDAH,Arabic,-0.8035224990480742
ğŸ‡±,0x1f1f1,12,0.71333692,REGIONAL INDICATOR SYMBOL LETTER L,Enclosed Alphanumeric Supplement,-0.8017754350861214
ğŸ“¹,0x1f4f9,11,0.718346535,VIDEO CAMERA,Miscellaneous Symbols and Pictographs,-0.8017978333420438
ğŸ‘,0x1f45e,11,0.779457078,MANS SHOE,Miscellaneous Symbols and Pictographs,-0.8017978333420438
ğŸš‘,0x1f691,11,0.758087751,AMBULANCE,Transport and Map Symbols,-0.8032835843182344
ğŸ†˜,0x1f198,11,0.775131806,SQUARED SOS,Enclosed Alphanumeric Supplement,-0.8032985164888494
ğŸ‘š,0x1f45a,11,0.810043786,WOMANS CLOTHES,Miscellaneous Symbols and Pictographs,-0.8012005465174445
ğŸš,0x1f68d,11,0.659558885,ONCOMING BUS,Transport and Map Symbols,-0.8032985164888494
â–¡,0x25a1,11,0.673637431,WHITE SQUARE,Geometric Shapes,-0.8045080223086629
ğŸ‚,0x1f402,11,0.774388184,OX,Miscellaneous Symbols and Pictographs,-0.8029625426500123
ğŸš£,0x1f6a3,11,0.712555862,ROWBOAT,Transport and Map Symbols,-0.8012005465174445
âœ³,0x2733,11,0.37234627,EIGHT SPOKED ASTERISK,Dingbats,-0.8035299651333816
ğŸ‰,0x1f3c9,11,0.837042609,RUGBY FOOTBALL,Miscellaneous Symbols and Pictographs,-0.8014917238444367
ğŸ—»,0x1f5fb,11,0.723455901,MOUNT FUJI,Miscellaneous Symbols and Pictographs,-0.8012005465174445
ğŸ€,0x1f400,11,0.701470653,RAT,Miscellaneous Symbols and Pictographs,-0.8029625426500123
â•¦,0x2566,11,0.22026307,BOX DRAWINGS DOUBLE DOWN AND HORIZONTAL,Box Drawing,-0.8020740784984209
â›º,0x26fa,10,0.905848988,TENT,Miscellaneous Symbols,-0.8018052994273512
ğŸ•,0x1f415,10,0.879333592,DOG,Miscellaneous Symbols and Pictographs,-0.8026788314083277
ğŸ‚,0x1f3c2,10,0.777003138,SNOWBOARDER,Miscellaneous Symbols and Pictographs,-0.8020964767543435
ğŸ‘¡,0x1f461,10,0.63543995,WOMANS SANDAL,Miscellaneous Symbols and Pictographs,-0.8020964767543435
ğŸ“»,0x1f4fb,10,0.726200366,RADIO,Miscellaneous Symbols and Pictographs,-0.8023876540813356
âœ’,0x2712,10,0.543607437,BLACK NIB,Dingbats,-0.8026788314083277
ğŸŒ°,0x1f330,10,0.786442145,CHESTNUT,Miscellaneous Symbols and Pictographs,-0.8014991899297442
ğŸ¢,0x1f3e2,10,0.542295544,OFFICE BUILDING,Miscellaneous Symbols and Pictographs,-0.8029550765647049
ğŸ’,0x1f392,10,0.614006372,SCHOOL SATCHEL,Miscellaneous Symbols and Pictographs,-0.8018052994273512
âŒ’,0x2312,10,0.623939324,ARC,Miscellaneous Technical,-0.8014991899297442
ğŸ«,0x1f3eb,10,0.644209517,SCHOOL,Miscellaneous Symbols and Pictographs,-0.8045005562233555
ğŸ“´,0x1f4f4,10,0.981898981,MOBILE PHONE OFF,Miscellaneous Symbols and Pictographs,-0.801222944773367
ğŸš¢,0x1f6a2,10,0.817914113,SHIP,Transport and Map Symbols,-0.8027086957495577
ğŸšš,0x1f69a,10,0.479308081,DELIVERY TRUCK,Transport and Map Symbols,-0.8038584728869113
ğŸ‰,0x1f409,10,0.628494919,DRAGON,Miscellaneous Symbols and Pictographs,-0.8029550765647049
â’,0x2752,10,0.587413086,UPPER RIGHT SHADOWED WHITE SQUARE,Dingbats,-0.8026638992377128
ğŸŠ,0x1f40a,10,0.84550756,CROCODILE,Miscellaneous Symbols and Pictographs,-0.803276118232927
ğŸ””,0x1f514,10,0.713041475,BELL,Miscellaneous Symbols and Pictographs,-0.8006256579487678
â—¢,0x25e2,10,0.571991872,BLACK LOWER RIGHT TRIANGLE,Geometric Shapes,-0.801208012602752
ğŸ¥,0x1f3e5,9,0.648092966,HOSPITAL,Miscellaneous Symbols and Pictographs,-0.8026862974936352
â”,0x2754,9,0.787466861,WHITE QUESTION MARK ORNAMENT,Dingbats,-0.8035896938158416
ğŸš–,0x1f696,9,0.800144753,ONCOMING TAXI,Transport and Map Symbols,-0.8038808711428338
ğŸƒ,0x1f0cf,9,0.685606875,PLAYING CARD BLACK JOKER,Playing Cards,-0.8032985164888494
â–¼,0x25bc,9,0.656774297,BLACK DOWN-POINTING TRIANGLE,Geometric Shapes,-0.8032835843182344
â–Œ,0x258c,9,0.420711618,LEFT HALF BLOCK,Block Elements,-0.8044781579674329
â˜›,0x261b,9,0.553782742,BLACK RIGHT POINTING INDEX,Miscellaneous Symbols,-0.8023801879960281
âœ©,0x2729,9,0.265667997,STRESS OUTLINED WHITE STAR,Dingbats,-0.8035448973039967
ğŸ’’,0x1f492,9,0.79417208,WEDDING,Miscellaneous Symbols and Pictographs,-0.8017978333420438
ğŸš¤,0x1f6a4,9,0.503972435,SPEEDBOAT,Transport and Map Symbols,-0.8023801879960281
ğŸ,0x1f410,9,0.720583133,GOAT,Miscellaneous Symbols and Pictographs,-0.8020890106690359
â– ,0x25a0,9,0.79044432,BLACK SQUARE,Geometric Shapes,-0.8044930901380479
ğŸ”š,0x1f51a,9,0.868645196,END WITH LEFTWARDS ARROW ABOVE,Miscellaneous Symbols and Pictographs,-0.802395120166643
ğŸ»,0x1f3bb,9,0.720880053,VIOLIN,Miscellaneous Symbols and Pictographs,-0.8023801879960281
ğŸ”·,0x1f537,9,0.367845118,LARGE BLUE DIAMOND,Miscellaneous Symbols and Pictographs,-0.8029625426500123
ğŸš¦,0x1f6a6,9,0.454265022,VERTICAL TRAFFIC LIGHT,Transport and Map Symbols,-0.8032835843182344
ğŸ”“,0x1f513,9,0.802890324,OPEN LOCK,Miscellaneous Symbols and Pictographs,-0.8032985164888494
ğŸ½,0x1f3bd,9,0.903767713,RUNNING SHIRT WITH SASH,Miscellaneous Symbols and Pictographs,-0.8020890106690359
ğŸ“…,0x1f4c5,9,0.597376373,CALENDAR,Miscellaneous Symbols and Pictographs,-0.8029924069912423
ğŸº,0x1f3ba,9,0.646180394,TRUMPET,Miscellaneous Symbols and Pictographs,-0.8015215881856667
âœ¯,0x272f,9,0.32090504,PINWHEEL STAR,Dingbats,-0.8035448973039967
ğŸˆ,0x1f348,9,0.520981407,MELON,Miscellaneous Symbols and Pictographs,-0.804799199635655
âœ‰,0x2709,9,0.44131007,ENVELOPE,Dingbats,-0.8026862974936352
â•£,0x2563,9,0.641758242,BOX DRAWINGS DOUBLE VERTICAL AND LEFT,Box Drawing,-0.8035448973039967
â—¤,0x25e4,9,0.669223855,BLACK UPPER LEFT TRIANGLE,Geometric Shapes,-0.8009243013610674
â—‹,0x25cb,8,0.625334477,WHITE CIRCLE,Geometric Shapes,-0.8020964767543435
ğŸ¼,0x1f37c,8,0.889794471,BABY BOTTLE,Miscellaneous Symbols and Pictographs,-0.8021114089249584
ğŸ“€,0x1f4c0,8,0.842924661,DVD,Miscellaneous Symbols and Pictographs,-0.803276118232927
ğŸš›,0x1f69b,8,0.552176238,ARTICULATED LORRY,Transport and Map Symbols,-0.8041645823845184
ğŸ““,0x1f4d3,8,0.835156432,NOTEBOOK,Miscellaneous Symbols and Pictographs,-0.8029849409059349
â˜‰,0x2609,8,0.985925307,SUN,Miscellaneous Symbols,-0.8029700087353199
ğŸ’´,0x1f4b4,8,0.837157842,BANKNOTE WITH YEN SIGN,Miscellaneous Symbols and Pictographs,-0.8041795145551334
â”¼,0x253c,8,0.594639298,BOX DRAWINGS LIGHT VERTICAL AND HORIZONTAL,Box Drawing,-0.8035822277305341
ğŸƒ,0x1f403,8,0.82964401,WATER BUFFALO,Miscellaneous Symbols and Pictographs,-0.8035523633893041
â°,0x27b0,8,0.255281448,CURLY LOOP,Dingbats,-0.8039032693987562
ğŸ”Œ,0x1f50c,8,0.84383834,ELECTRIC PLUG,Miscellaneous Symbols and Pictographs,-0.8038883372281412
ğŸ„,0x1f344,8,0.481955716,MUSHROOM,Miscellaneous Symbols and Pictographs,-0.8035822277305341
ğŸ“•,0x1f4d5,8,0.687815619,CLOSED BOOK,Miscellaneous Symbols and Pictographs,-0.8029849409059349
ğŸ“£,0x1f4e3,8,0.665290609,CHEERING MEGAPHONE,Miscellaneous Symbols and Pictographs,-0.8024025862519506
ğŸš“,0x1f693,8,0.654503222,POLICE CAR,Transport and Map Symbols,-0.8026788314083277
ğŸ—,0x1f417,8,0.756674318,BOAR,Miscellaneous Symbols and Pictographs,-0.8020964767543435
â†ª,0x21aa,8,0.726671282,RIGHTWARDS ARROW WITH HOOK,Arrows,-0.803261186062312
â›³,0x26f3,8,0.659686501,FLAG IN HOLE,Miscellaneous Symbols,-0.8015141221003592
â”»,0x253b,8,0.436070741,BOX DRAWINGS HEAVY UP AND HORIZONTAL,Box Drawing,-0.8048066657209626
â”›,0x251b,8,0.711630126,BOX DRAWINGS HEAVY UP AND LEFT,Box Drawing,-0.8018052994273512
â”ƒ,0x2503,8,0.495888704,BOX DRAWINGS HEAVY VERTICAL,Box Drawing,-0.8023876540813356
ğŸ‘±,0x1f471,7,0.584040891,PERSON WITH BLOND HAIR,Miscellaneous Symbols and Pictographs,-0.8032835843182344
â³,0x23f3,7,0.829006815,HOURGLASS WITH FLOWING SAND,Miscellaneous Technical,-0.8036046259864565
ğŸ’º,0x1f4ba,7,0.499522738,SEAT,Miscellaneous Symbols and Pictographs,-0.8029924069912423
ğŸ‡,0x1f3c7,7,0.829351657,HORSE RACING,Miscellaneous Symbols and Pictographs,-0.8038958033134487
â˜»,0x263b,7,0.808078576,BLACK SMILING FACE,Miscellaneous Symbols,-0.8029924069912423
ğŸ“,0x1f4de,7,0.639663641,TELEPHONE RECEIVER,Miscellaneous Symbols and Pictographs,-0.802395120166643
â’¶,0x24b6,7,0.467453036,CIRCLED LATIN CAPITAL LETTER A,Enclosed Alphanumerics,-0.8038808711428338
ğŸŒ‰,0x1f309,7,0.848338345,BRIDGE AT NIGHT,Miscellaneous Symbols and Pictographs,-0.8021039428396509
ğŸš©,0x1f6a9,7,0.14668319,TRIANGULAR FLAG ON POST,Transport and Map Symbols,-0.8041869806404408
âœ,0x270e,7,0.547314568,LOWER RIGHT PENCIL,Dingbats,-0.8021039428396509
ğŸ“ƒ,0x1f4c3,7,0.75418917,PAGE WITH CURL,Miscellaneous Symbols and Pictographs,-0.802395120166643
ğŸ¨,0x1f3e8,7,0.803363124,HOTEL,Miscellaneous Symbols and Pictographs,-0.8029774748206273
ğŸ“Œ,0x1f4cc,7,0.799054518,PUSHPIN,Miscellaneous Symbols and Pictographs,-0.804799199635655
â™,0x264e,7,0.85514993,LIBRA,Miscellaneous Symbols,-0.8038808711428338
ğŸ’·,0x1f4b7,7,0.573124902,BANKNOTE WITH POUND SIGN,Miscellaneous Symbols and Pictographs,-0.802395120166643
ğŸš„,0x1f684,7,0.699813945,HIGH-SPEED TRAIN,Transport and Map Symbols,-0.8021039428396509
â–²,0x25b2,7,0.33783723,BLACK UP-POINTING TRIANGLE,Geometric Shapes,-0.8021039428396509
â›µ,0x26f5,7,0.323527212,SAILBOAT,Miscellaneous Symbols,-0.8021039428396509
ğŸ”¸,0x1f538,7,0.17210479,SMALL ORANGE DIAMOND,Miscellaneous Symbols and Pictographs,-0.8029774748206273
âŒ›,0x231b,7,0.796787872,HOURGLASS,Miscellaneous Technical,-0.8032985164888494
ğŸšœ,0x1f69c,7,0.76727505,TRACTOR,Transport and Map Symbols,-0.8015215881856667
ğŸ†,0x1f406,7,0.550090954,LEOPARD,Miscellaneous Symbols and Pictographs,-0.8026862974936352
ğŸ‘’,0x1f452,7,0.843648743,WOMANS HAT,Miscellaneous Symbols and Pictographs,-0.8029924069912423
â•,0x2755,7,0.86202303,WHITE EXCLAMATION MARK ORNAMENT,Dingbats,-0.8029924069912423
ğŸ”›,0x1f51b,7,0.474006336,ON WITH EXCLAMATION MARK WITH LEFT RIGHT ARROW ABOVE,Miscellaneous Symbols and Pictographs,-0.802410052337258
â™¢,0x2662,7,0.868165215,WHITE DIAMOND SUIT,Miscellaneous Symbols,-0.8026862974936352
ğŸ‡²,0x1f1f2,7,0.786773623,REGIONAL INDICATOR SYMBOL LETTER M,Enclosed Alphanumeric Supplement,-0.802395120166643
â…,0x2745,7,0.247154472,TIGHT TRIFOLIATE SNOWFLAKE,Dingbats,-0.8018127655126588
ğŸ‘,0x1f45d,6,0.611228018,POUCH,Miscellaneous Symbols and Pictographs,-0.8027086957495577
âœ,0x271e,6,0.509389671,SHADOWED WHITE LATIN CROSS,Dingbats,-0.8026937635789426
â—¡,0x25e1,6,0.946756676,LOWER HALF CIRCLE,Geometric Shapes,-0.8029849409059349
ğŸ‹,0x1f38b,6,0.785515587,TANABATA TREE,Miscellaneous Symbols and Pictographs,-0.8024175184225655
ğŸ‘¥,0x1f465,6,0.83792517,BUSTS IN SILHOUETTE,Miscellaneous Symbols and Pictographs,-0.8029998730765499
ğŸ“µ,0x1f4f5,6,0.794071373,NO MOBILE PHONES,Miscellaneous Symbols and Pictographs,-0.803291050403542
ğŸ¡,0x1f421,6,0.867288557,BLOWFISH,Miscellaneous Symbols and Pictographs,-0.8029849409059349
â—†,0x25c6,6,0.602165081,BLACK DIAMOND,Geometric Shapes,-0.8021114089249584
ğŸ¯,0x1f3ef,6,0.529919889,JAPANESE CASTLE,Miscellaneous Symbols and Pictographs,-0.803276118232927
â˜‚,0x2602,6,0.453390203,UMBRELLA,Miscellaneous Symbols,-0.8035822277305341
ğŸ”­,0x1f52d,6,0.715984026,TELESCOPE,Miscellaneous Symbols and Pictographs,-0.8026937635789426
ğŸª,0x1f3aa,6,0.607881289,CIRCUS TENT,Miscellaneous Symbols and Pictographs,-0.8029849409059349
ğŸœ,0x1f41c,6,0.879901961,ANT,Miscellaneous Symbols and Pictographs,-0.8024025862519506
â™Œ,0x264c,6,0.790409536,LEO,Miscellaneous Symbols,-0.8021114089249584
â˜,0x2610,6,0.538095238,BALLOT BOX,Miscellaneous Symbols,-0.8054039525455619
ğŸ‘·,0x1f477,6,0.739199448,CONSTRUCTION WORKER,Miscellaneous Symbols and Pictographs,-0.8029998730765499
â†³,0x21b3,6,0.346428571,DOWNWARDS ARROW WITH TIP RIGHTWARDS,Arrows,-0.8035672955599191
ğŸ”ˆ,0x1f508,6,0.635444115,SPEAKER,Miscellaneous Symbols and Pictographs,-0.8029849409059349
ğŸ“„,0x1f4c4,6,0.624139531,PAGE FACING UP,Miscellaneous Symbols and Pictographs,-0.8018202315979663
ğŸ“,0x1f4cd,6,0.48869302,ROUND PUSHPIN,Miscellaneous Symbols and Pictographs,-0.803291050403542
ğŸš,0x1f690,6,0.77642636,MINIBUS,Transport and Map Symbols,-0.8021114089249584
ğŸš”,0x1f694,6,0.521943521,ONCOMING POLICE CAR,Transport and Map Symbols,-0.8035822277305341
ğŸŒ‹,0x1f30b,6,0.379680055,VOLCANO,Miscellaneous Symbols and Pictographs,-0.8024025862519506
ğŸ“¡,0x1f4e1,6,0.553891601,SATELLITE ANTENNA,Miscellaneous Symbols and Pictographs,-0.8029998730765499
â©,0x23e9,6,0.7317139,BLACK RIGHT-POINTING DOUBLE TRIANGLE,Miscellaneous Technical,-0.803276118232927
ğŸš³,0x1f6b3,6,0.102993951,NO BICYCLES,Transport and Map Symbols,-0.8018202315979663
âœ˜,0x2718,6,0.538602654,HEAVY BALLOT X,Dingbats,-0.8021114089249584
Û,0x6de,6,0.471786165,ARABIC START OF RUB EL HIZB,Arabic,-0.8035672955599191
â˜¾,0x263e,6,0.452907711,LAST QUARTER MOON,Miscellaneous Symbols,-0.8035672955599191
ğŸ…°,0x1f170,6,0.311138998,NEGATIVE SQUARED LATIN CAPITAL LETTER A,Enclosed Alphanumeric Supplement,-0.8029998730765499
ğŸ“¥,0x1f4e5,6,0.981884058,INBOX TRAY,Miscellaneous Symbols and Pictographs,-0.8035672955599191
ğŸ‡¼,0x1f1fc,6,0.734391905,REGIONAL INDICATOR SYMBOL LETTER W,Enclosed Alphanumeric Supplement,-0.8026937635789426
â”“,0x2513,6,0.51522533,BOX DRAWINGS HEAVY DOWN AND LEFT,Box Drawing,-0.8024025862519506
â”£,0x2523,6,0.487486157,BOX DRAWINGS HEAVY VERTICAL AND RIGHT,Box Drawing,-0.8024025862519506
â“,0x24c1,6,0.726851852,CIRCLED LATIN CAPITAL LETTER L,Enclosed Alphanumerics,-0.8026937635789426
â’º,0x24ba,6,0.814814815,CIRCLED LATIN CAPITAL LETTER E,Enclosed Alphanumerics,-0.8026937635789426
ğŸ”¦,0x1f526,5,0.852648347,ELECTRIC TORCH,Miscellaneous Symbols and Pictographs,-0.8035747616452266
ğŸ‘¤,0x1f464,5,0.785820605,BUST IN SILHOUETTE,Miscellaneous Symbols and Pictographs,-0.802410052337258
ğŸš,0x1f681,5,0.509988852,HELICOPTER,Transport and Map Symbols,-0.8032835843182344
ğŸ ,0x1f3a0,5,0.57433687,CAROUSEL HORSE,Miscellaneous Symbols and Pictographs,-0.8027012296642502
ğŸ,0x1f401,5,0.418555982,MOUSE,Miscellaneous Symbols and Pictographs,-0.8041869806404408
ğŸ“—,0x1f4d7,5,0.78915959,GREEN BOOK,Miscellaneous Symbols and Pictographs,-0.8032985164888494
â”,0x2510,5,0.770866381,BOX DRAWINGS LIGHT DOWN AND LEFT,Box Drawing,-0.8038958033134487
â˜®,0x262e,5,0.75037594,PEACE SYMBOL,Miscellaneous Symbols,-0.8036046259864565
â™‚,0x2642,5,0.580233775,MALE SIGN,Miscellaneous Symbols,-0.8032835843182344
â—,0x25de,5,0.722789157,LOWER RIGHT QUADRANT CIRCULAR ARC,Geometric Shapes,-0.8035896938158416
ğŸ“¯,0x1f4ef,5,0.974048452,POSTAL HORN,Miscellaneous Symbols and Pictographs,-0.8038808711428338
ğŸ”©,0x1f529,5,0.672722386,NUT AND BOLT,Miscellaneous Symbols and Pictographs,-0.8032985164888494
ğŸ‘¢,0x1f462,5,0.994117647,WOMANS BOOTS,Miscellaneous Symbols and Pictographs,-0.802410052337258
â—‚,0x25c2,5,0.198500589,BLACK LEFT-POINTING SMALL TRIANGLE,Geometric Shapes,-0.8029924069912423
ğŸ“°,0x1f4f0,5,0.860149569,NEWSPAPER,Miscellaneous Symbols and Pictographs,-0.8030073391618573
ğŸ“¶,0x1f4f6,5,0.930492899,ANTENNA WITH BARS,Miscellaneous Symbols and Pictographs,-0.8029924069912423
ğŸš¥,0x1f6a5,5,0.723893805,HORIZONTAL TRAFFIC LIGHT,Transport and Map Symbols,-0.8035896938158416
ğŸŒ„,0x1f304,5,0.285583654,SUNRISE OVER MOUNTAINS,Miscellaneous Symbols and Pictographs,-0.8032835843182344
ğŸ—¾,0x1f5fe,5,0.738585725,SILHOUETTE OF JAPAN,Miscellaneous Symbols and Pictographs,-0.8029924069912423
ğŸ”¶,0x1f536,5,0.786004057,LARGE ORANGE DIAMOND,Miscellaneous Symbols and Pictographs,-0.8029924069912423
ğŸ¤,0x1f3e4,5,0.272575758,EUROPEAN POST OFFICE,Miscellaneous Symbols and Pictographs,-0.8029924069912423
ğŸ©,0x1f3a9,5,0.58647571,TOP HAT,Miscellaneous Symbols and Pictographs,-0.8029924069912423
â“‚,0x24c2,5,0.765244502,CIRCLED LATIN CAPITAL LETTER M,Enclosed Alphanumerics,-0.8030073391618573
ğŸ”§,0x1f527,5,0.677226399,WRENCH,Miscellaneous Symbols and Pictographs,-0.8045080223086629
ğŸ…,0x1f405,5,0.818550107,TIGER,Miscellaneous Symbols and Pictographs,-0.8032835843182344
â™®,0x266e,5,0.936640494,MUSIC NATURAL SIGN,Miscellaneous Symbols,-0.8032835843182344
ğŸ…¾,0x1f17e,5,0.977468672,NEGATIVE SQUARED LATIN CAPITAL LETTER O,Enclosed Alphanumeric Supplement,-0.8038958033134487
ğŸ”„,0x1f504,5,0.971014493,ANTICLOCKWISE DOWNWARDS AND UPWARDS OPEN CIRCLE ARROWS,Miscellaneous Symbols and Pictographs,-0.8035747616452266
â˜„,0x2604,5,0.435373547,COMET,Miscellaneous Symbols,-0.8035747616452266
â˜¨,0x2628,5,0.457692308,CROSS OF LORRAINE,Miscellaneous Symbols,-0.8035747616452266
ğŸ“¦,0x1f4e6,4,0.508942142,PACKAGE,Miscellaneous Symbols and Pictographs,-0.803291050403542
ğŸšŠ,0x1f68a,4,0.412291392,TRAM,Transport and Map Symbols,-0.8033059825741569
ğŸ”²,0x1f532,4,0.665449309,BLACK SQUARE BUTTON,Miscellaneous Symbols and Pictographs,-0.8027086957495577
ğŸ”,0x1f501,4,0.570472495,CLOCKWISE RIGHTWARDS AND LEFTWARDS OPEN CIRCLE ARROWS,Miscellaneous Symbols and Pictographs,-0.8035971599011491
â–³,0x25b3,4,0.595601141,WHITE UP-POINTING TRIANGLE,Geometric Shapes,-0.803291050403542
ğŸ“†,0x1f4c6,4,0.839991723,TEAR-OFF CALENDAR,Miscellaneous Symbols and Pictographs,-0.8024175184225655
â›,0x275b,4,0.735294118,HEAVY SINGLE TURNED COMMA QUOTATION MARK ORNAMENT,Dingbats,-0.8029998730765499
ğŸ“‰,0x1f4c9,4,0.726505602,CHART WITH DOWNWARDS TREND,Miscellaneous Symbols and Pictographs,-0.8029998730765499
â–µ,0x25b5,4,0.012558719,WHITE UP-POINTING SMALL TRIANGLE,Geometric Shapes,-0.8029998730765499
ğŸ”,0x1f50e,4,0.333026114,RIGHT-POINTING MAGNIFYING GLASS,Miscellaneous Symbols and Pictographs,-0.8027086957495577
â˜œ,0x261c,4,0.95068438,WHITE LEFT POINTING INDEX,Miscellaneous Symbols,-0.803291050403542
ğŸ‡¯,0x1f1ef,4,0.598500468,REGIONAL INDICATOR SYMBOL LETTER J,Enclosed Alphanumeric Supplement,-0.8029998730765499
ğŸ‡µ,0x1f1f5,4,0.60602405,REGIONAL INDICATOR SYMBOL LETTER P,Enclosed Alphanumeric Supplement,-0.8029998730765499
ğŸ“˜,0x1f4d8,4,0.729794868,BLUE BOOK,Miscellaneous Symbols and Pictographs,-0.8033059825741569
âœ¡,0x2721,4,0.542307692,STAR OF DAVID,Dingbats,-0.8035822277305341
â“”,0x24d4,4,0.423106061,CIRCLED LATIN SMALL LETTER E,Enclosed Alphanumerics,-0.8027086957495577
ğŸ”‘,0x1f511,4,0.712219599,KEY,Miscellaneous Symbols and Pictographs,-0.8033059825741569
ğŸ”ƒ,0x1f503,4,0.480569642,CLOCKWISE DOWNWARDS AND UPWARDS OPEN CIRCLE ARROWS,Miscellaneous Symbols and Pictographs,-0.8035971599011491
ğŸ‘ƒ,0x1f443,4,0.617338955,NOSE,Miscellaneous Symbols and Pictographs,-0.8036120920717641
â­•,0x2b55,4,0.521859186,HEAVY LARGE CIRCLE,Miscellaneous Symbols and Arrows,-0.8029998730765499
ğŸ”˜,0x1f518,4,0.823106247,RADIO BUTTON,Miscellaneous Symbols and Pictographs,-0.803291050403542
â“’,0x24d2,4,0.078409091,CIRCLED LATIN SMALL LETTER C,Enclosed Alphanumerics,-0.8036120920717641
ğŸš­,0x1f6ad,4,0.691042031,NO SMOKING SYMBOL,Transport and Map Symbols,-0.8024175184225655
ğŸš‰,0x1f689,4,0.517599805,STATION,Transport and Map Symbols,-0.8027086957495577
ğŸšª,0x1f6aa,4,0.459991145,DOOR,Transport and Map Symbols,-0.8027086957495577
â³,0x27b3,4,0.689189189,WHITE-FEATHERED RIGHTWARDS ARROW,Dingbats,-0.8029998730765499
ğŸšƒ,0x1f683,4,0.867813709,RAILWAY CAR,Transport and Map Symbols,-0.8027086957495577
â”¯,0x252f,4,0.588235294,BOX DRAWINGS DOWN LIGHT AND HORIZONTAL HEAVY,Box Drawing,-0.8041944467257482
ğŸ¬,0x1f3ec,4,0.772435897,DEPARTMENT STORE,Miscellaneous Symbols and Pictographs,-0.8035822277305341
â˜½,0x263d,4,0.827205882,FIRST QUARTER MOON,Miscellaneous Symbols,-0.8035822277305341
ğŸ†™,0x1f199,4,0.459136213,SQUARED UP WITH EXCLAMATION MARK,Enclosed Alphanumeric Supplement,-0.8029998730765499
ğŸ†–,0x1f196,4,0.32767456,SQUARED NG,Enclosed Alphanumeric Supplement,-0.8033059825741569
â˜ª,0x262a,4,0.5,STAR AND CRESCENT,Miscellaneous Symbols,-0.8035822277305341
â”—,0x2517,4,0.70743831,BOX DRAWINGS HEAVY UP AND RIGHT,Box Drawing,-0.8024175184225655
ğŸš®,0x1f6ae,4,0.705415215,PUT LITTER IN ITS PLACE SYMBOL,Transport and Map Symbols,-0.8036120920717641
â”«,0x252b,4,0.546428571,BOX DRAWINGS HEAVY VERTICAL AND LEFT,Box Drawing,-0.8035822277305341
â“„,0x24c4,4,0.6875,CIRCLED LATIN CAPITAL LETTER O,Enclosed Alphanumerics,-0.8029998730765499
â‡,0x2747,3,0.906565657,SPARKLE,Dingbats,-0.8030073391618573
âœ´,0x2734,3,0.425259601,EIGHT POINTED BLACK STAR,Dingbats,-0.8030073391618573
â”Œ,0x250c,3,1.0,BOX DRAWINGS LIGHT DOWN AND RIGHT,Box Drawing,-0.8036046259864565
â˜Š,0x260a,3,0.627212773,ASCENDING NODE,Miscellaneous Symbols,-0.8027161618348652
ğŸ”•,0x1f515,3,0.663273811,BELL WITH CANCELLATION STROKE,Miscellaneous Symbols and Pictographs,-0.8039107354840637
â¬›,0x2b1b,3,0.93331136,BLACK LARGE SQUARE,Miscellaneous Symbols and Arrows,-0.8039107354840637
â,0x275d,3,0.012385762,HEAVY DOUBLE TURNED COMMA QUOTATION MARK ORNAMENT,Dingbats,-0.8035896938158416
â,0x275e,3,0.348845599,HEAVY DOUBLE COMMA QUOTATION MARK ORNAMENT,Dingbats,-0.8035896938158416
ğŸš,0x1f69e,3,0.401392441,MOUNTAIN RAILWAY,Transport and Map Symbols,-0.8030073391618573
ğŸ¶,0x1f376,3,0.670454148,SAKE BOTTLE AND CUP,Miscellaneous Symbols and Pictographs,-0.8030073391618573
ğŸŒ,0x1f310,3,0.661697723,GLOBE WITH MERIDIANS,Miscellaneous Symbols and Pictographs,-0.8030073391618573
â™€,0x2640,3,0.496259709,FEMALE SIGN,Miscellaneous Symbols,-0.8032985164888494
ğŸš…,0x1f685,3,0.60688385,HIGH-SPEED TRAIN WITH BULLET NOSE,Transport and Map Symbols,-0.8030073391618573
ğŸš’,0x1f692,3,0.372181638,FIRE ENGINE,Transport and Map Symbols,-0.8038958033134487
â£,0x27a3,3,0.607657549,THREE-D BOTTOM-LIGHTED RIGHTWARDS ARROWHEAD,Dingbats,-0.8035896938158416
â™‹,0x264b,3,0.66780619,CANCER,Miscellaneous Symbols,-0.8032985164888494
â™,0x264d,3,0.921455436,VIRGO,Miscellaneous Symbols,-0.8030073391618573
ğŸ•,0x1f55d,3,0.673202614,CLOCK FACE TWO-THIRTY,Miscellaneous Symbols and Pictographs,-0.8038958033134487
â“,0x24d0,3,0.866666667,CIRCLED LATIN SMALL LETTER A,Enclosed Alphanumerics,-0.8027161618348652
âœ—,0x2717,3,1.0,BALLOT X,Dingbats,-0.8036046259864565
ğŸ“™,0x1f4d9,3,0.985204154,ORANGE BOOK,Miscellaneous Symbols and Pictographs,-0.8033134486594644
â“ˆ,0x24c8,3,0.837301587,CIRCLED LATIN CAPITAL LETTER S,Enclosed Alphanumerics,-0.8032985164888494
ğŸ“‹,0x1f4cb,3,0.902676399,CLIPBOARD,Miscellaneous Symbols and Pictographs,-0.8030073391618573
â‡¢,0x21e2,3,0.795568159,RIGHTWARDS DASHED ARROW,Arrows,-0.8036046259864565
ğŸ±,0x1f3b1,3,0.733061963,BILLIARDS,Miscellaneous Symbols and Pictographs,-0.8033134486594644
ğŸ,0x1f41e,3,0.867149758,LADY BEETLE,Miscellaneous Symbols and Pictographs,-0.8032985164888494
ğŸ”º,0x1f53a,3,0.331084568,UP-POINTING RED TRIANGLE,Miscellaneous Symbols and Pictographs,-0.8032985164888494
â“¡,0x24e1,3,0.476666667,CIRCLED LATIN SMALL LETTER R,Enclosed Alphanumerics,-0.8027161618348652
ğŸ,0x1f38d,3,0.460928261,PINE DECORATION,Miscellaneous Symbols and Pictographs,-0.8035896938158416
â™¤,0x2664,3,0.864386792,WHITE SPADE SUIT,Miscellaneous Symbols,-0.8030073391618573
ğŸ²,0x1f3b2,3,0.294190811,GAME DIE,Miscellaneous Symbols and Pictographs,-0.8035896938158416
ğŸ¯,0x1f3af,3,0.928725808,DIRECT HIT,Miscellaneous Symbols and Pictographs,-0.8030073391618573
ã€ ,0x3020,3,0.589554531,POSTAL MARK FACE,CJK Symbols and Punctuation,-0.8035896938158416
ğŸ”‰,0x1f509,3,0.527173913,SPEAKER WITH ONE SOUND WAVE,Miscellaneous Symbols and Pictographs,-0.8030073391618573
â†©,0x21a9,3,0.790990991,LEFTWARDS ARROW WITH HOOK,Arrows,-0.8027161618348652
ğŸš¾,0x1f6be,3,0.97979798,WATER CLOSET,Transport and Map Symbols,-0.8032985164888494
ğŸ£,0x1f3a3,3,0.661217721,FISHING POLE AND FISH,Miscellaneous Symbols and Pictographs,-0.8042019128110558
ğŸ”£,0x1f523,3,0.73668039,INPUT SYMBOL FOR SYMBOLS,Miscellaneous Symbols and Pictographs,-0.8032985164888494
â,0x274e,3,0.376693767,NEGATIVE SQUARED CROSS MARK,Dingbats,-0.8045080223086629
â¥,0x27a5,3,0.607479234,HEAVY BLACK CURVED DOWNWARDS AND RIGHTWARDS ARROW,Dingbats,-0.8032985164888494
ğŸ…±,0x1f171,3,0.753702885,NEGATIVE SQUARED LATIN CAPITAL LETTER B,Enclosed Alphanumeric Supplement,-0.8035896938158416
ğŸŒ,0x1f38c,3,0.720638968,CROSSED FLAGS,Miscellaneous Symbols and Pictographs,-0.8027161618348652
â—£,0x25e3,3,0.1679015,BLACK LOWER LEFT TRIANGLE,Geometric Shapes,-0.8032985164888494
â¬,0x23ec,3,0.798387097,BLACK DOWN-POINTING DOUBLE TRIANGLE,Miscellaneous Technical,-0.8027161618348652
â™­,0x266d,3,0.996296296,MUSIC FLAT SIGN,Miscellaneous Symbols,-0.8032985164888494
ğŸ’ ,0x1f4a0,3,0.634782609,DIAMOND SHAPE WITH A DOT INSIDE,Miscellaneous Symbols and Pictographs,-0.8035896938158416
â“,0x24de,2,0.334090909,CIRCLED LATIN SMALL LETTER O,Enclosed Alphanumerics,-0.8030148052471648
ğŸ”³,0x1f533,2,0.35921659,WHITE SQUARE BUTTON,Miscellaneous Symbols and Pictographs,-0.8033059825741569
ğŸ­,0x1f3ed,2,0.620360999,FACTORY,Miscellaneous Symbols and Pictographs,-0.8033059825741569
ğŸ”°,0x1f530,2,0.612218045,JAPANESE SYMBOL FOR BEGINNER,Miscellaneous Symbols and Pictographs,-0.8035971599011491
ğŸ³,0x1f3b3,2,0.031697819,BOWLING,Miscellaneous Symbols and Pictographs,-0.8039032693987562
â˜š,0x261a,2,0.536679293,BLACK LEFT POINTING INDEX,Miscellaneous Symbols,-0.8030148052471648
â½,0x27bd,2,0.872727273,HEAVY WEDGE-TAILED RIGHTWARDS ARROW,Dingbats,-0.8033059825741569
â«,0x27ab,2,0.22556391,BACK-TILTED SHADOWED WHITE RIGHTWARDS ARROW,Dingbats,-0.8033059825741569
â–,0x2796,2,0.023088023,HEAVY MINUS SIGN,Dingbats,-0.8042093788963633
ğŸ®,0x1f3ee,2,0.949404762,IZAKAYA LANTERN,Miscellaneous Symbols and Pictographs,-0.8035971599011491
ğŸ“›,0x1f4db,2,0.964880952,NAME BADGE,Miscellaneous Symbols and Pictographs,-0.8035971599011491
ê’°,0xa4b0,2,0.744823477,YI RADICAL SHY,Yi Radicals,-0.8033059825741569
ê’±,0xa4b1,2,0.800983167,YI RADICAL VEP,Yi Radicals,-0.8033059825741569
â—,0x25dd,2,0.847674607,UPPER RIGHT QUADRANT CIRCULAR ARC,Geometric Shapes,-0.8039032693987562
ğŸ“‘,0x1f4d1,2,0.557971014,BOOKMARK TABS,Miscellaneous Symbols and Pictographs,-0.8030148052471648
ğŸ¦,0x1f3a6,2,0.796610169,CINEMA,Miscellaneous Symbols and Pictographs,-0.8035971599011491
â“§,0x24e7,2,0.96,CIRCLED LATIN SMALL LETTER X,Enclosed Alphanumerics,-0.8030148052471648
ğŸ‡¨,0x1f1e8,2,0.935606061,REGIONAL INDICATOR SYMBOL LETTER C,Enclosed Alphanumeric Supplement,-0.8035971599011491
ğŸ‡³,0x1f1f3,2,0.623484848,REGIONAL INDICATOR SYMBOL LETTER N,Enclosed Alphanumeric Supplement,-0.8035971599011491
ğŸ”Ÿ,0x1f51f,2,0.801587302,KEYCAP TEN,Miscellaneous Symbols and Pictographs,-0.8030148052471648
ã€“,0x3013,2,0.533898305,GETA MARK,CJK Symbols and Punctuation,-0.8030148052471648
â“œ,0x24dc,2,0.743085399,CIRCLED LATIN SMALL LETTER M,Enclosed Alphanumerics,-0.8033059825741569
â ,0x27a0,2,0.642857143,HEAVY DASHED TRIANGLE-HEADED RIGHTWARDS ARROW,Dingbats,-0.8030148052471648
ğŸš†,0x1f686,2,0.472714286,TRAIN,Transport and Map Symbols,-0.8033059825741569
ğŸš ,0x1f6a0,2,0.807469512,MOUNTAIN CABLEWAY,Transport and Map Symbols,-0.8035971599011491
â„…,0x2105,2,0.606150794,CARE OF,Letterlike Symbols,-0.8042093788963633
â˜ƒ,0x2603,2,0.566037736,SNOWMAN,Miscellaneous Symbols,-0.8033059825741569
ğŸš½,0x1f6bd,2,0.69047619,TOILET,Transport and Map Symbols,-0.8030148052471648
ğŸ“,0x1f4d0,2,0.02970297,TRIANGULAR RULER,Miscellaneous Symbols and Pictographs,-0.8035971599011491
â“,0x24dd,2,0.393333333,CIRCLED LATIN SMALL LETTER N,Enclosed Alphanumerics,-0.8030148052471648
âœ®,0x272e,2,0.211711712,HEAVY OUTLINED BLACK STAR,Dingbats,-0.8035971599011491
â‡¦,0x21e6,2,0.489955357,LEFTWARDS WHITE ARROW,Arrows,-0.8030148052471648
ğŸ‘²,0x1f472,2,0.382655827,MAN WITH GUA PI MAO,Miscellaneous Symbols and Pictographs,-0.8033059825741569
ğŸš¡,0x1f6a1,2,0.622505543,AERIAL TRAMWAY,Transport and Map Symbols,-0.8039032693987562
ğŸ‘,0x1f391,2,0.309294872,MOON VIEWING CEREMONY,Miscellaneous Symbols and Pictographs,-0.8035971599011491
ğŸ”¬,0x1f52c,2,0.727696078,MICROSCOPE,Miscellaneous Symbols and Pictographs,-0.8030148052471648
â—,0x2797,2,0.018722944,HEAVY DIVISION SIGN,Dingbats,-0.8039032693987562
ğŸ“ˆ,0x1f4c8,2,0.568724559,CHART WITH UPWARDS TREND,Miscellaneous Symbols and Pictographs,-0.8033059825741569
âŒ˜,0x2318,2,0.613333333,PLACE OF INTEREST SIGN,Miscellaneous Technical,-0.8035971599011491
âª,0x23ea,2,0.489035088,BLACK LEFT-POINTING DOUBLE TRIANGLE,Miscellaneous Technical,-0.8033059825741569
â•¹,0x2579,2,0.952380952,BOX DRAWINGS HEAVY UP,Box Drawing,-0.8035971599011491
â—,0x25ce,2,0.925,BULLSEYE,Geometric Shapes,-0.8030148052471648
ğŸ”¼,0x1f53c,2,0.358974359,UP-POINTING SMALL RED TRIANGLE,Miscellaneous Symbols and Pictographs,-0.8035971599011491
ê’¦,0xa4a6,2,0.953125,YI RADICAL GGUO,Yi Radicals,-0.8042093788963633
ğŸ“,0x1f4ce,2,0.044776119,PAPERCLIP,Miscellaneous Symbols and Pictographs,-0.8030148052471648
â‘…,0x2445,2,0.652173913,OCR BOW TIE,Optical Character Recognition,-0.8030148052471648
â,0x235d,2,0.776859504,APL FUNCTIONAL SYMBOL UP SHOE JOT,Miscellaneous Technical,-0.8035971599011491
ğŸ“,0x1f4c1,2,0.785714286,FILE FOLDER,Miscellaneous Symbols and Pictographs,-0.8035971599011491
âœ­,0x272d,2,0.589285714,OUTLINED BLACK STAR,Dingbats,-0.8030148052471648
â²,0x27b2,2,0.009615385,CIRCLED HEAVY WHITE RIGHTWARDS ARROW,Dingbats,-0.8035971599011491
â™“,0x2653,2,0.093023256,PISCES,Miscellaneous Symbols,-0.8033059825741569
â”,0x250f,2,0.58778626,BOX DRAWINGS HEAVY DOWN AND RIGHT,Box Drawing,-0.8030148052471648
â˜‡,0x2607,2,0.99382716,LIGHTNING,Miscellaneous Symbols,-0.8030148052471648
â™º,0x267a,2,0.175,RECYCLING SYMBOL FOR GENERIC MATERIALS,Miscellaneous Symbols,-0.8035971599011491
â™,0x265e,2,0.581967213,BLACK CHESS KNIGHT,Miscellaneous Symbols,-0.8035971599011491
à¿,0xfce,2,0.232142857,TIBETAN SIGN RDEL NAG RDEL DKAR,Tibetan,-0.8042093788963633
ğŸ“ ,0x1f4e0,2,1.0,FAX MACHINE,Miscellaneous Symbols and Pictographs,-0.8035971599011491
ğŸ‘˜,0x1f458,2,0.643678161,KIMONO,Miscellaneous Symbols and Pictographs,-0.8030148052471648
â†™,0x2199,2,0.206766917,SOUTH WEST ARROW,Arrows,-0.8030148052471648
â’»,0x24bb,2,0.652777778,CIRCLED LATIN CAPITAL LETTER F,Enclosed Alphanumerics,-0.8033059825741569
â“Œ,0x24cc,2,0.722222222,CIRCLED LATIN CAPITAL LETTER W,Enclosed Alphanumerics,-0.8033059825741569
â“…,0x24c5,2,0.791666667,CIRCLED LATIN CAPITAL LETTER P,Enclosed Alphanumerics,-0.8033059825741569
ğŸ•‘,0x1f551,2,0.988407728,CLOCK FACE TWO OCLOCK,Miscellaneous Symbols and Pictographs,-0.8033059825741569
ğŸ’½,0x1f4bd,1,0.566037736,MINIDISC,Miscellaneous Symbols and Pictographs,-0.8036046259864565
ğŸ•›,0x1f55b,1,1.0,CLOCK FACE TWELVE OCLOCK,Miscellaneous Symbols and Pictographs,-0.8033134486594644
ğŸ«,0x1f3ab,1,0.452631579,TICKET,Miscellaneous Symbols and Pictographs,-0.8036046259864565
â™ˆ,0x2648,1,0.524590164,ARIES,Miscellaneous Symbols,-0.8039107354840637
ğŸ“Ÿ,0x1f4df,1,0.991666667,PAGER,Miscellaneous Symbols and Pictographs,-0.8036046259864565
â„ƒ,0x2103,1,0.2375,DEGREE CELSIUS,Letterlike Symbols,-0.8036046259864565
â†¬,0x21ac,1,0.806818182,RIGHTWARDS ARROW WITH LOOP,Arrows,-0.8033134486594644
ğŸ•’,0x1f552,1,0.039215686,CLOCK FACE THREE OCLOCK,Miscellaneous Symbols and Pictographs,-0.8036046259864565
ğŸ‡°,0x1f1f0,1,0.939393939,REGIONAL INDICATOR SYMBOL LETTER K,Enclosed Alphanumeric Supplement,-0.8036046259864565
â†±,0x21b1,1,0.537190083,UPWARDS ARROW WITH TIP RIGHTWARDS,Arrows,-0.8036046259864565
âœ,0x270d,1,1.0,WRITING HAND,Dingbats,-0.8033134486594644
â‡,0x21d0,1,0.741007194,LEFTWARDS DOUBLE ARROW,Arrows,-0.8036046259864565
ğŸ¦,0x1f3e6,1,1.0,BANK,Miscellaneous Symbols and Pictographs,-0.8033134486594644
ğŸ”»,0x1f53b,1,0.575757576,DOWN-POINTING RED TRIANGLE,Miscellaneous Symbols and Pictographs,-0.8033134486594644
â“Ÿ,0x24df,1,0.05,CIRCLED LATIN SMALL LETTER P,Enclosed Alphanumerics,-0.8033134486594644
â“•,0x24d5,1,0.1,CIRCLED LATIN SMALL LETTER F,Enclosed Alphanumerics,-0.8033134486594644
â“˜,0x24d8,1,0.166666667,CIRCLED LATIN SMALL LETTER I,Enclosed Alphanumerics,-0.8033134486594644
â™¿,0x267f,1,1.0,WHEELCHAIR SYMBOL,Miscellaneous Symbols,-0.8033134486594644
â‡—,0x21d7,1,0.761904762,NORTH EAST DOUBLE ARROW,Arrows,-0.8033134486594644
â‡˜,0x21d8,1,0.857142857,SOUTH EAST DOUBLE ARROW,Arrows,-0.8033134486594644
â“¨,0x24e8,1,0.613333333,CIRCLED LATIN SMALL LETTER Y,Enclosed Alphanumerics,-0.8033134486594644
â“™,0x24d9,1,0.68,CIRCLED LATIN SMALL LETTER J,Enclosed Alphanumerics,-0.8033134486594644
â–«,0x25ab,1,0.126760563,WHITE SMALL SQUARE,Geometric Shapes,-0.8033134486594644
ğŸ”‡,0x1f507,1,1.0,SPEAKER WITH CANCELLATION STROKE,Miscellaneous Symbols and Pictographs,-0.8033134486594644
âŒƒ,0x2303,1,0.611940299,UP ARROWHEAD,Miscellaneous Technical,-0.8039107354840637
ğŸ”–,0x1f516,1,0.988888889,BOOKMARK,Miscellaneous Symbols and Pictographs,-0.8033134486594644
ğŸ“œ,0x1f4dc,1,1.0,SCROLL,Miscellaneous Symbols and Pictographs,-0.8033134486594644
â™,0x264f,1,0.772058824,SCORPIUS,Miscellaneous Symbols,-0.8036046259864565
ğŸš,0x1f69d,1,0.966666667,MONORAIL,Transport and Map Symbols,-0.8033134486594644
â˜¢,0x2622,1,0.725,RADIOACTIVE SIGN,Miscellaneous Symbols,-0.8036046259864565
ğŸ,0x1f38f,1,0.390243902,CARP STREAMER,Miscellaneous Symbols and Pictographs,-0.8036046259864565
â”˜,0x2518,1,0.909090909,BOX DRAWINGS LIGHT UP AND LEFT,Box Drawing,-0.8039107354840637
âœ,0x271d,1,0.411764706,LATIN CROSS,Dingbats,-0.8039107354840637
â–,0x2756,1,0.581967213,BLACK DIAMOND MINUS WHITE X,Dingbats,-0.8036046259864565
â£,0x2363,1,0.953125,APL FUNCTIONAL SYMBOL STAR DIAERESIS,Miscellaneous Technical,-0.8039107354840637
ğŸ“®,0x1f4ee,1,0.798319328,POSTBOX,Miscellaneous Symbols and Pictographs,-0.8039107354840637
ğŸ••,0x1f555,1,0.646153846,CLOCK FACE SIX OCLOCK,Miscellaneous Symbols and Pictographs,-0.8039107354840637
ğŸ‡­,0x1f1ed,1,0.236363636,REGIONAL INDICATOR SYMBOL LETTER H,Enclosed Alphanumeric Supplement,-0.8036046259864565
â—œ,0x25dc,1,0.760330579,UPPER LEFT QUADRANT CIRCULAR ARC,Geometric Shapes,-0.8036046259864565
ğŸ”¯,0x1f52f,1,1.0,SIX POINTED STAR WITH MIDDLE DOT,Miscellaneous Symbols and Pictographs,-0.8033134486594644
â¸,0x27b8,1,0.364963504,HEAVY BLACK-FEATHERED RIGHTWARDS ARROW,Dingbats,-0.8033134486594644
ê’µ,0xa4b5,1,0.927007299,YI RADICAL JJY,Yi Radicals,-0.8033134486594644
ğŸ•¥,0x1f565,1,0.811965812,CLOCK FACE TEN-THIRTY,Miscellaneous Symbols and Pictographs,-0.8039107354840637
â™™,0x2659,1,0.342857143,WHITE CHESS PAWN,Miscellaneous Symbols,-0.8036046259864565
â–¿,0x25bf,1,0.432835821,WHITE DOWN-POINTING SMALL TRIANGLE,Geometric Shapes,-0.8036046259864565
âšƒ,0x2683,1,0.918918919,DIE FACE-4,Miscellaneous Symbols,-0.8036046259864565
âœ½,0x273d,1,0.99270073,HEAVY TEARDROP-SPOKED ASTERISK,Dingbats,-0.8033134486594644
ğŸ“¼,0x1f4fc,1,1.0,VIDEOCASSETTE,Miscellaneous Symbols and Pictographs,-0.8033134486594644
ğŸ•,0x1f550,1,1.0,CLOCK FACE ONE OCLOCK,Miscellaneous Symbols and Pictographs,-0.8039107354840637
ğŸ€„,0x1f004,1,1.0,MAHJONG TILE RED DRAGON,Mahjong Tiles,-0.8033134486594644
âœ¾,0x273e,1,0.023255814,SIX PETALLED BLACK AND WHITE FLORETTE,Dingbats,-0.8036046259864565
âœ¬,0x272c,1,0.955223881,BLACK CENTRE WHITE STAR,Dingbats,-0.8033134486594644
ğŸ†‘,0x1f191,1,0.983606557,SQUARED CL,Enclosed Alphanumeric Supplement,-0.8036046259864565
âœ«,0x272b,1,0.923728814,OPEN CENTRE BLACK STAR,Dingbats,-0.8033134486594644
ğŸ•”,0x1f554,1,0.742424242,CLOCK FACE FIVE OCLOCK,Miscellaneous Symbols and Pictographs,-0.8039107354840637
â£,0x2763,1,0.471428571,HEAVY HEART EXCLAMATION MARK ORNAMENT,Dingbats,-0.8033134486594644
â±,0x27b1,1,0.704347826,NOTCHED UPPER RIGHT-SHADOWED WHITE RIGHTWARDS ARROW,Dingbats,-0.8036046259864565
ğŸ†•,0x1f195,1,0.669117647,SQUARED NEW,Enclosed Alphanumeric Supplement,-0.8036046259864565
â¢,0x27a2,1,0.242647059,THREE-D TOP-LIGHTED RIGHTWARDS ARROWHEAD,Dingbats,-0.8036046259864565
â†•,0x2195,1,0.735632184,UP DOWN ARROW,Arrows,-0.8036046259864565
ğŸ“«,0x1f4eb,1,0.384615385,CLOSED MAILBOX WITH RAISED FLAG,Miscellaneous Symbols and Pictographs,-0.8033134486594644
ğŸ‰,0x1f250,1,0.03125,CIRCLED IDEOGRAPH ADVANTAGE,Enclosed Ideographic Supplement,-0.8033134486594644
â™Š,0x264a,1,0.327586207,GEMINI,Miscellaneous Symbols,-0.8036046259864565
ğŸˆ‚,0x1f202,1,0.466666667,SQUARED KATAKANA SA,Enclosed Ideographic Supplement,-0.8039107354840637
ğŸ°,0x1f3b0,1,0.421686747,SLOT MACHINE,Miscellaneous Symbols and Pictographs,-0.8039107354840637
Ò‚,0x482,1,0.519230769,CYRILLIC THOUSANDS SIGN,Cyrillic,-0.8039107354840637
â•¤,0x2564,1,0.634615385,BOX DRAWINGS DOWN SINGLE AND HORIZONTAL DOUBLE,Box Drawing,-0.8039107354840637
â›,0x279b,1,0.011627907,DRAFTING POINT RIGHTWARDS ARROW,Dingbats,-0.8036046259864565
â™,0x265d,1,0.28,BLACK CHESS BISHOP,Miscellaneous Symbols,-0.8036046259864565
â‹,0x274b,1,0.888888889,HEAVY EIGHT TEARDROP-SPOKED PROPELLER ASTERISK,Dingbats,-0.8036046259864565
âœ†,0x2706,1,0.557251908,TELEPHONE LOCATION SIGN,Dingbats,-0.8036046259864565
ğŸ“”,0x1f4d4,1,0.814814815,NOTEBOOK WITH DECORATIVE COVER,Miscellaneous Symbols and Pictographs,-0.8033134486594644
